629016,276513
626596,296567
631312,296685
627033,290640
626765,295137
628434,301136
626040,297498
617088,246043
626045,297442
626040,297289
623579,287388
625937,297955
628116,284830
631184,296180
608800,263500
626179,297174
625956,297503
626037,297452
625988,297529
626165,297797
633041,300207
626159,298293
626102,297699
626147,297434
625950,297473
625983,297433
622438,257499
630822,298325
626078,297756
626128,297033
626014,297649
626043,297368
625943,297788
619862,240647
625995,297458
626188,297495
626133,297370
614490,238548
641493,282349
621903,269096
624450,216901
625858,298214
625952,297596
626150,298284
625992,297667
624822,304340
625901,297401
626146,298275
626046,297346
625038,299128
626147,297432
626195,298145
625801,298707
625984,297423
625981,297444
626193,297167
624271,304063
630912,259497
625886,298132
618638,288873
614791,238325
613291,291311
626209,298709
633228,300309
626009,297432
626172,297056
625980,297439
625968,297457
626286,297755
625979,297445
624564,295870
629326,312826
625978,297441
626110,297592
626236,310925
625852,297939
614686,235300
601587,249063
629147,302512
626022,297531
626143,298157
622328,246978
630978,216184
633181,300273
674312,267347
626189,297614
633192,300253
632410,292181
627880,309351
625791,298079
626024,297450
625919,297694
618673,288848
627652,298451
602208,249165
626691,296127
626007,297521
629074,276489
632941,300277
626005,297476
626616,301145
626013,297432
676108,241709
622037,246591
632303,228585
626025,297249
632973,293826
626030,297558
623025,271607
626149,298133
626142,298151
630826,298230
626719,297904
608663,267050
626017,297468
625808,297655
626000,297655
623731,287397
601675,249509
609070,266220
627867,309287
628190,282611
618031,292894
676061,242596
614906,237600
625958,297490
625991,297427
625999,297607
626159,297325
626155,298283
625989,298482
626182,297168
625980,297448
608682,267075
626002,297606
603918,256401
626192,295617
626191,296942
624846,302395
625934,297606
631491,277424
626028,297652
626031,297417
642153,277286
625986,297433
626094,297625
626002,297675
626028,297628
628916,276318
625996,297791
628927,276689
626144,298280
626157,297686
626011,297644
629383,276021
633218,300269
626034,297477
625987,297428
625979,297442
626041,297441
625769,298102
631297,296663
626629,296580
626879,296703
626022,297427
626146,297435
628149,235044
626008,297661
614811,217966
626002,297741
625979,297443
626035,297454
625980,297449
621562,300124
626660,296080
630995,298170
601639,249435
626160,297050
626080,297433
611045,284185
625771,298081
625653,298564
626093,297636
627109,298468
613825,293159
627700,309715
625993,297744
627323,225720
626577,296122
626153,297490
601313,252250
626084,297669
624265,304039
603246,246620
626331,296840
626149,298289
626151,297425
630749,216464
626035,297380
626034,297378
633071,300472
626198,294708
625991,298181
609157,266154
625978,297432
625994,297539
626146,298128
625986,297454
625986,297417
625948,296550
623094,295917
625780,298085
625989,297429
626038,297451
624269,304071
625982,297443
626173,297715
642311,277168
625703,298409
632967,300234
626176,297173
626111,297188
626054,297492
626227,296903
625995,297622
630796,217142
626097,297636
625960,297675
604595,222752
625985,297430
626067,297491
625992,297571
625996,297452
625981,297447
631352,289955
624453,216898
625615,298153
625956,297611
625859,297803
625994,297454
625284,293845
633199,300238
633132,300329
606297,262256
626425,295416
614948,294813
614685,235295
626365,293758
625966,297599
604497,222718
629278,312765
633187,300187
626012,297560
626029,297502
626014,297475
609061,266254
626078,297950
609066,266206
626009,297473
631047,215863
604219,221617
624602,217554
626013,297444
601619,249223
625183,296970
621423,300484
626150,297460
626151,297431
632886,294654
625999,297602
628297,301383
626436,298112
625779,298084
631966,293375
626009,297623
625988,297441
631029,297917
629344,301130
626315,301278
632067,214676
626583,296580
626004,297454
626024,297495
643120,278178
626180,298515
626458,295490
625990,297453
625978,297445
614571,238483
616321,272860
623871,287629
626035,297372
625971,297272
626029,297434
625986,297430
626200,298088
626116,297598
626168,297060
625980,297473
601572,238399
627954,275615
624926,291454
632970,300280
625978,297450
625970,297404
619885,240719
626202,296930
626381,298274
626144,298282
625985,297433
626032,297553
625980,297447
626107,297250
626018,297427
626185,296715
642154,277104
626037,297458
629398,301125
626026,297492
625967,297629
626101,297389
626144,298176
604542,222535
625982,297435
626052,297404
626013,297426
625808,297657
625985,297453
626049,297592
628819,275878
629943,300716
629294,231908
626158,298195
628247,300643
626130,296943
625981,297445
626002,297522
626150,298268
610459,281873
626044,297398
626284,297505
625778,298088
626183,297172
633140,300391
622435,257495
601733,249410
626400,298763
624875,302646
602901,249697
626001,297466
626002,297628
625981,297443
642295,277020
625807,297653
633169,300313
626035,297551
628926,276941
628450,310101
626776,298128
628047,309332
626279,297052
626030,297614
606940,268405
626028,297503
625991,297453
630874,216452
627676,298522
626283,298073
625030,212016
626160,298184
626972,295838
618677,288850
626188,297166
626150,298206
625517,297870
625967,297543
625979,297439
626154,298252
626397,297657
625993,297598
614500,238546
626009,297621
625724,297029
625982,297435
626936,297541
626591,296576
633245,300319
608686,267032
628190,282611
628899,277095
626190,296937
625981,297452
625857,303606
626018,297440
626139,298190
664915,256939
625984,297454
625987,297439
632350,212397
619918,254444
625971,297277
625908,297408
626149,298275
625980,297435
622999,271601
615500,240703
626007,297618
625982,297431
626325,296819
625968,297599
626004,297899
626153,298251
626157,298203
626005,297504
628604,276465
628674,276433
626001,297602
625953,297355
626291,297731
625940,297767
626451,298175
626580,296133
626154,298286
610881,274624
608707,267046
632981,300294
624265,218594
623217,280116
627013,295812
626008,297620
626012,297661
624295,230860
626050,297414
626190,297691
627598,294836
625986,297594
620959,301385
625983,297434
624646,302065
629017,276549
626174,297170
614721,238407
626289,296996
625994,297363
629096,276553
625768,298102
626004,297520
625812,297801
626405,298195
625981,297446
614502,238546
626175,297762
633104,300317
626004,297510
625985,297431
614983,237683
626132,300135
626135,298269
626024,297623
625982,297693
625998,297602
632692,292429
625997,297626
626142,298283
614489,238548
626002,297459
607548,261927
625999,297437
626092,297633
624767,217208
642305,277249
626038,297634
628842,277157
625802,297643
626371,296853
625740,298369
626048,300366
626078,297692
608656,267148
627669,298521
625984,297447
629101,302399
628299,276378
626182,297695
625962,297489
626287,297757
624877,277747
625420,298418
623848,304660
609073,266226
626034,297475
626005,297426
626167,297168
626152,297429
642155,277271
625986,297434
625961,297486
626033,297473
601435,249091
625409,291236
626175,223954
625999,297621
628366,284594
627010,288931
625186,296971
626807,298964
626012,297454
624268,304070
629230,301197
625998,297449
626009,297610
625984,297424
623637,287606
624197,217109
626133,296964
625978,297441
630179,301625
626151,297198
626015,297472
626159,298652
625808,297649
626005,297432
642121,277213
625991,298002
626104,297949
626150,298167
625965,297483
625901,297402
626312,296444
626199,298610
626214,297266
625963,297453
625953,297514
626071,297888
625977,297555
629740,301577
626282,298071
626032,297687
626882,299118
625929,297683
626446,295564
626102,298050
632973,300262
626038,297453
626152,298285
625992,297452
626147,297207
625609,298952
625990,297426
626157,298192
626001,297540
625981,297445
601677,249577
604512,222627
626392,293998
626016,297601
626163,296878
626007,297195
624884,212628
621904,269099
626028,297471
626095,298273
633132,280429
625990,297654
626193,296938
626619,309485
626038,297453
626153,297288
683514,275118
626029,297631
634261,304363
625993,297450
625914,297429
601551,249505
627404,300392
623625,287655
626031,297611
626177,298492
625986,297436
625985,297436
622055,247010
623996,213641
626030,297680
627363,287582
618720,277526
626001,297613
624207,303984
626167,297047
601447,249832
625807,297642
626011,297646
626152,298291
676708,248828
625986,297443
619640,298690
601702,249430
626182,297164
625979,297437
625988,297593
626065,297572
627517,298383
629339,300958
623071,295375
625816,297748
623093,295917
622889,296800
626087,297869
625950,297400
625981,297440
632907,280150
601637,249428
610619,281840
601692,249760
626488,298111
626112,297626
630580,301118
625980,297453
625903,297401
626660,296080
626009,297615
626144,298285
614596,238558
626008,297598
615083,238211
625981,297445
626093,297531
626014,297622
608698,267055
626001,297438
625957,297678
625985,297460
625849,297353
626082,297337
626933,290779
626382,295232
624666,295515
625997,297625
626013,297473
633060,300440
626137,298014
625984,297447
622743,213741
626026,297602
626031,297628
625942,297311
626036,297439
618726,287227
626033,297526
607524,261978
626020,297406
633407,301976
622132,257239
623969,304283
625859,297805
618668,277383
625950,297533
622764,270465
626106,297431
633146,300375
625980,297430
625933,297286
626134,297272
626234,296974
625986,297439
626112,297625
622235,257260
642156,277100
625770,298230
626205,296977
616893,272704
626466,298272
627074,295854
626189,295615
625771,297433
626006,297619
626128,297414
626191,295662
626187,297696
622325,246903
625780,298076
626169,297752
626023,297508
626008,297660
628918,276962
601666,249657
625959,297425
625983,297605
626291,297731
626177,297714
626322,296269
625892,297891
626136,295470
625979,297429
626170,297775
626006,297621
608705,267061
625913,297421
625989,297432
630994,215995
601693,249520
627213,298134
626050,297366
612158,261501
601694,249590
625990,297420
631298,296690
625986,297446
626178,297171
626043,297285
626169,297053
626203,298652
627078,288873
626073,297432
626027,297446
623132,278824
613711,292963
625968,297456
631627,301421
629636,267562
625986,297435
625980,297445
633102,300328
626228,296937
626035,297695
625985,297426
627109,298819
632891,280157
608260,255296
626170,297804
625986,297457
628816,275635
630989,216057
626032,297548
626070,297489
628677,276439
625981,297440
626171,298280
606918,267798
626029,297588
625980,297426
614648,238434
609063,266244
625878,297799
626009,297468
601690,249513
626653,296327
625959,297508
625980,297445
625988,297593
626205,294967
626016,297640
625976,297447
625935,298075
625982,297648
625984,297447
634262,304360
627704,309719
614551,238492
626134,297660
626437,298141
627208,290135
619879,266455
626076,298035
625978,297443
626184,297023
626035,297556
626013,297529
623021,264803
625356,294024
626004,297631
626184,297693
626005,297477
626143,298276
615046,238243
608687,267024
625898,298161
626036,297432
601721,249445
625966,297380
626594,296569
626146,298277
627892,228412
626580,296742
633054,300042
626169,298467
614837,238281
626257,297959
626164,297034
626064,297615
626051,297420
626032,297517
625784,297335
601605,249328
625853,297660
626152,297428
626280,296951
625984,297425
625978,297434
626058,297832
626022,297363
626012,300304
633165,300311
625999,297456
626003,297523
626240,296906
626148,298292
629593,298476
626076,297731
625858,241848
608687,267044
633214,300254
626561,296941
629527,267561
626323,296542
608938,263413
625998,297539
625979,297439
615594,295019
626075,297770
626025,298261
626192,296941
603179,249670
625963,297886
612057,287808
628432,273157
625806,297647
642148,277112
633112,300316
684820,274483
604499,222676
625986,297436
625981,297458
626019,297596
628693,275786
626151,297439
632304,228583
626402,298753
625982,297430
626177,298375
614513,238543
641428,282348
626262,298577
678818,239585
633215,300172
626190,295616
628031,299699
603916,256589
626142,297578
626058,297363
625992,297702
625999,297539
626184,297068
623761,287977
625992,297520
630705,217298
625607,298944
626002,297469
628718,275792
625990,297430
625957,297667
626146,296919
629281,278071
626577,296119
626035,297433
608678,267002
601274,253194
626026,297532
626037,297550
626011,297597
626028,297555
601606,249327
631352,289956
627695,309740
608693,267039
625979,297428
626189,296939
625978,297452
624140,298682
692928,280678
627054,298755
632989,300303
626148,297222
631688,298248
626319,296136
626749,295803
626043,297569
622742,213758
626050,297409
626454,309286
633121,300443
626136,296873
626017,297431
625582,301764
626573,296663
625982,297484
631491,277424
626145,298277
635452,292038
625856,297674
625955,297683
614570,238515
625897,298012
631619,297757
625993,297433
625977,297472
625942,297783
624751,217412
626000,297458
625997,297460
626418,293828
626029,297622
601669,249425
628925,276784
625979,297446
626150,297414
626034,297718
642162,277150
625813,297809
625987,297438
603236,246628
625940,297754
626237,296938
625970,297500
618893,297904
625951,297456
626005,297431
625807,297651
626101,298320
626037,297461
626015,297472
625796,297665
627669,298397
626206,298764
630953,216022
626183,297075
626053,297556
626140,297163
626019,297431
626124,297274
626240,297330
625982,297460
627699,309716
603931,256643
627300,299608
627683,298265
626016,297587
626038,297638
633212,300236
668295,262063
601775,248036
608689,267051
629092,276553
626011,297439
625976,297451
627699,309727
625919,297688
625765,297850
626053,297362
614981,237516
629379,301130
626290,297740
614525,238534
626045,297612
627716,309801
626423,298421
627701,309774
625772,297742
625315,289586
628141,235059
603461,250134
626133,297872
625974,297462
626076,297795
626013,297630
626257,296322
641311,284049
626034,297470
625911,298137
627933,294525
626050,297416
627148,298549
625918,297425
625988,297445
619883,240740
626206,297746
625979,297442
602595,249613
625993,297717
624163,298696
622919,296907
626151,298241
624269,304075
626171,297761
621695,269279
628409,284591
626145,298284
625997,297442
625987,297428
625982,297444
626114,297292
626027,297626
628716,275797
625230,299393
626165,297049
625982,297460
668849,261838
625990,297521
624276,304070
610007,244751
625970,297908
625995,297630
625890,297759
627316,287749
625772,298102
624565,304329
628110,301566
626025,297855
625990,297367
625989,297432
628723,275796
626152,298226
625983,297434
631974,293394
625985,297433
601444,249836
625780,298304
622742,213746
626960,297579
603719,236353
626009,297433
625984,297444
608696,267039
626021,297497
626154,298288
626144,298213
626047,295298
625985,297437
625979,297433
625995,297458
625981,297445
626024,297648
625921,297227
626165,297065
614524,238535
626127,297278
624445,300586
631194,301239
626042,297697
626203,297099
626287,310516
626013,297435
625982,297436
626186,297696
625984,297435
626147,298279
608670,266993
614522,238536
627625,298279
626081,297162
626182,297169
625989,297591
626014,297615
626147,298273
625944,297423
642256,277314
626149,297431
626017,297602
626036,297634
626167,297063
626006,297659
626002,297551
631311,296698
625981,297445
625969,297457
625802,297662
626003,297511
624342,299689
626061,297680
631306,296691
626242,296940
625961,297312
626135,297859
625982,297438
623111,295856
625991,297429
633266,300802
632970,300236
629418,301110
606119,235252
626040,297545
619858,240686
625997,297476
626010,297595
626139,297897
600607,248948
633352,300347
642152,277108
601669,249222
626079,297816
630940,215964
626045,297242
625989,297435
625963,297886
625984,297429
626032,297449
626142,297472
626000,297421
625984,297442
633134,300315
626059,297685
626590,296543
626014,297589
626760,295466
626038,297453
626037,297587
629480,299703
630857,216833
609420,266190
623049,295689
633252,300237
626146,297433
625992,297428
626152,298281
626001,297544
624261,304021
625995,297600
626110,298168
614938,237591
626091,297559
618676,288844
625964,297484
626050,298142
609703,259428
626105,297439
625983,297476
626014,297477
614736,238677
625875,297779
627292,298640
625985,297431
625981,297445
627682,298273
625953,297379
626278,294160
626173,298285
604310,221417
626002,297762
608678,267015
602958,249536
626018,297686
625977,297444
626014,297441
626172,297164
625962,297455
626014,297506
626163,297775
626148,297430
625183,296991
625778,298077
630961,298059
625996,297463
625933,297680
626049,297602
626012,297426
626286,296820
626435,298381
626591,296541
627012,296481
626053,297674
625983,297476
626012,297553
614837,238281
627699,309726
618679,288703
626000,297619
626454,295389
626205,297073
629267,231856
625592,300124
614481,238550
625969,297460
625983,297427
633253,300358
626017,297605
625985,297434
626004,297672
626194,297154
626709,297186
626101,297263
625975,297731
626099,297922
624820,277992
625997,297467
625986,297430
626086,297661
630965,298050
621314,299416
630877,215852
622453,247075
623145,295142
604786,223040
626553,296418
633207,300235
631328,301286
626227,296965
626046,297533
625989,297429
626011,297685
625981,297445
633192,300250
614552,238501
631654,297523
626074,297393
609078,266256
626625,297867
626060,298191
626256,296841
626171,297165
626001,297543
628908,269687
626034,297621
601750,248038
630822,216284
626190,298152
626017,297594
626146,297430
625997,297750
625983,297439
614587,294536
625963,297470
626028,297448
626185,297072
626204,297084
633208,300254
620720,296618
625980,297434
624763,278163
624262,304024
608693,267007
625621,297667
626962,297593
601991,249334
626008,297655
626187,297722
626005,298024
626030,297631
626034,297474
626003,297622
626009,297539
625993,297428
626013,297633
625096,295496
624260,304020
626185,297071
626152,297217
626163,298378
626037,297395
626157,297466
626013,297616
614704,238649
625987,297450
625942,297376
625991,297480
604542,222855
625803,297656
625934,297676
626170,295583
626150,298202
625974,297479
626123,298317
604605,222893
626812,295086
626146,298217
626150,297443
625984,297428
625984,297456
626015,297591
610491,250123
626191,298551
626004,297771
626153,298271
626148,297429
626036,297962
626263,298271
626177,297168
626054,297408
625367,294042
626042,297375
603188,249667
621906,269094
625988,297440
626161,296880
626150,298272
626998,295662
626018,297467
626016,297588
608700,267013
626152,297436
629344,301151
626015,297463
627139,298587
625183,296991
626002,297544
626480,298521
626590,296549
631520,266375
627478,293506
625984,297446
626169,297767
625984,297459
623120,295877
625964,297485
626150,297437
625886,298107
626001,297607
626026,297208
626061,297296
625769,297733
626077,297735
626151,297430
626286,297753
626002,297523
626155,298284
626012,297564
624291,304180
626284,297789
614946,294812
618759,299197
626150,298234
630704,217302
626986,298214
625996,297457
625984,297442
614996,237643
626014,297541
633190,300331
624272,304073
626203,297661
619791,240806
625988,297592
626193,296941
626131,297849
626157,297484
626014,297436
626004,297431
625977,297643
626019,297547
625982,297440
627427,298598
626180,297788
626449,295375
626024,297244
626012,297627
626035,297376
625992,297528
626035,297466
625917,297849
626015,297428
614820,238720
625975,297431
626224,292991
626025,297504
624160,298688
626118,297723
629080,276495
604479,222700
683797,274662
627883,301589
625978,297433
626309,299695
626010,297661
625964,297614
625979,297558
627286,225663
625994,297438
624155,298682
626038,297630
630992,216047
625980,297421
625947,297779
622440,257502
625986,297431
626122,298326
606953,268596
625946,297773
626002,297430
626629,219888
626682,296148
625980,297448
625782,297999
633108,300308
621249,288198
626147,296768
626002,297440
626005,297541
625905,297379
621796,268965
626168,298454
626058,297335
626165,297741
625928,297735
603966,256552
625986,297434
601677,249231
625990,297595
626189,296939
625915,298544
628894,276298
626180,297170
626009,297647
625910,298135
625997,297668
625182,296986
632470,292653
627661,298451
621263,288347
625996,297631
624265,304051
626028,297433
611242,288395
611095,274627
626028,297592
626006,297430
627700,309727
625990,297421
626017,237280
628676,276436
625785,297657
625998,297608
625902,297402
632975,300251
628625,301016
620495,299000
626023,297499
630959,298034
625988,297452
626308,296311
626170,297163
627701,309712
626155,297464
614642,238598
626139,297399
624298,304139
631312,296688
626036,297481
620857,299108
624730,301658
626187,297703
622363,257431
626006,297615
633212,300256
621729,306094
625952,298135
625980,297449
626008,297683
626031,297554
627700,309740
626187,297712
625978,297426
632933,300283
614451,294325
622151,257213
626040,297445
626019,297578
626166,297341
622434,247090
625780,298092
626181,297165
625953,297694
630866,298169
626407,298688
626000,297533
626025,297438
625984,297430
609078,266261
601652,249665
623144,296232
625981,297443
601696,249510
625989,297591
625978,297438
626012,297478
601608,249321
618656,288868
626306,301273
626026,297492
626013,297438
626150,297433
626060,297679
628676,276439
626005,297530
624267,304071
611945,285578
625978,297433
626191,297089
626076,297307
626007,299933
626203,298493
625994,297721
626000,297580
642309,277195
624407,302477
607693,267806
604345,222215
625792,298076
604474,222683
626022,297442
626020,297646
626010,297401
626185,297534
624455,216893
608649,267036
625981,297442
625984,297438
625865,303604
626148,297431
625952,297372
626010,297671
609066,266275
625985,297430
625943,297779
625983,297450
626004,297540
626550,296303
633208,300236
601399,249898
623665,287384
626192,299184
626175,297716
625984,297437
626169,298291
625888,297848
626014,297434
622616,247066
626141,298060
625980,297444
626161,297510
625979,297581
627704,309718
626023,297622
626703,296298
626133,298011
625991,298359
626192,297744
629698,230891
626037,297405
626026,297484
625988,297434
625997,297459
626185,297699
626154,297442
626013,297507
625984,297428
626186,298134
618702,288880
626009,297647
626150,297416
626096,297948
626138,298021
619129,292819
625980,297480
624264,304081
625952,297400
628791,276820
626003,297612
632163,266155
640845,282960
625980,297443
626195,298147
626004,297424
625795,297393
625977,297442
626025,297424
626033,297554
626001,297540
625986,297434
614517,238540
626089,297368
625836,297703
626035,297464
626149,298292
604362,222322
621573,299914
627701,309719
626004,297459
628111,301299
625918,297467
632781,293242
626194,297783
626006,297546
626156,298256
625970,297727
625981,297432
626175,297777
602651,251995
627641,298232
629739,301578
615636,294993
626000,297543
625999,297540
609074,266263
626152,297493
626003,297666
610635,278062
626974,290753
626030,297636
633213,300251
626196,297142
630746,298292
627043,298736
625223,299598
626058,297418
625982,297414
626033,297448
626146,297217
625985,297457
614482,238549
625901,297402
626024,297479
626134,297204
632330,220400
626417,298846
625965,297484
601708,249251
626044,297209
607376,268221
626165,297781
625805,297646
626075,297760
633944,304357
626011,297479
625973,297649
626279,298959
630940,296116
626462,297865
626152,297486
626116,298163
623322,265214
625986,297433
626114,297654
625866,298125
628362,301072
626592,296557
614820,238296
625963,297496
626147,297518
626076,297803
626043,297554
626145,298289
625946,297403
623023,264798
626011,297627
626193,298149
624862,277725
626217,296958
625980,297451
601607,249321
626671,296108
609076,266261
626033,297552
625994,297427
626156,298214
626074,297782
625978,297586
625996,298058
624858,277727
625996,297660
603961,256513
626039,297447
626342,298629
626026,297451
625967,297708
626163,297777
626020,297517
628983,276808
625808,297655
620446,298899
626035,297477
626147,297700
626873,297990
626097,298112
625979,297444
626039,297449
642120,277213
625979,297415
625985,297446
626014,297617
624873,302636
626181,297166
626009,297585
633102,300323
624290,218254
625199,290179
626153,298154
626154,298269
625923,297678
626147,298271
626187,297700
626415,298668
625991,297422
626191,297169
625982,297457
626165,297060
633072,300438
624184,302885
626006,297541
625978,297449
625986,297444
625998,297746
642150,277256
632976,300347
626202,297107
626183,297729
625974,297430
627023,298683
626027,297649
626299,296987
626181,296907
626001,297595
631138,297775
625909,297737
630751,217233
608708,267060
626039,297392
608685,266997
626182,297739
626339,296865
601680,249613
622884,274999
626063,297420
625992,297526
625996,297598
626016,297443
623596,287438
625990,297417
626037,297463
625949,298014
614536,238484
625977,297433
626150,297488
625988,297592
631051,216612
626336,296784
626515,296686
630942,298089
626184,297162
625999,298277
625979,297441
626449,295614
614550,238490
626155,298202
626144,298276
620434,298865
626147,298270
626044,297394
631623,297767
626014,297432
625930,297679
684341,274952
626013,297434
632962,300239
667668,262296
627627,298279
626299,296711
626161,298592
650069,254630
629741,301573
630764,216457
624125,304428
625981,297445
626062,297608
626163,297759
625982,297443
626003,297637
624233,303140
628204,235001
626143,298208
625773,298083
625993,297524
632986,300332
624585,299034
626290,297742
625780,298260
616878,272718
628100,301331
626144,297456
608678,266999
628229,300668
625979,297446
609376,266148
625929,297682
625984,297427
623318,296312
626037,297451
626118,297723
626145,297239
628760,275676
633214,300249
630974,298122
626008,297643
625982,297437
626035,297475
625990,297428
601335,252298
626254,268267
626035,297496
625901,297401
626037,297445
603965,256548
626353,297484
630966,298064
626037,297439
625981,297439
632973,300265
625981,297450
625986,297436
625976,297431
626053,297504
626001,297649
627721,300510
626019,300296
630381,258155
632386,220414
626014,297628
626009,297624
633255,300275
626290,297682
626140,298040
614544,238485
627703,309827
626018,297619
626070,297714
626130,298304
626566,296132
626035,297501
625981,297446
625994,297459
626055,297407
626025,297483
626135,300134
626169,297061
626144,297466
624262,304029
625899,297946
625766,298119
631051,216615
624178,298837
626105,297401
604550,222559
626343,298631
632339,292378
626180,297168
624766,217206
623136,296237
625807,297654
626163,298493
623837,302811
664862,256968
624954,277822
625980,297443
630752,216480
625914,297959
626170,297769
611226,288445
626010,297428
624266,304085
626031,297445
626129,297363
625984,297447
634259,304365
625980,297441
602952,249717
632275,228566
626024,297432
625984,297437
624858,277811
629356,301138
625980,297442
628382,284593
625977,297448
601827,249308
626057,297700
624359,217098
609076,266253
614553,238494
626033,297525
626189,298709
626131,297002
614575,238522
610617,278049
625992,297440
626031,297447
626004,297572
626148,297432
626198,297133
630506,301108
626454,298051
626987,297996
625983,297433
626168,297768
608691,267038
626657,296094
626020,297484
626026,297564
626012,297433
626048,297689
630967,298051
626000,297321
626036,297462
621251,288193
625985,298006
625989,297411
626362,296650
626006,297611
625818,297820
612466,253371
624268,304065
626149,297478
626212,298514
626014,297429
625987,297590
626139,298054
608683,267045
626008,297572
608629,267027
678715,239536
625987,297584
632409,301342
620976,301412
625969,298184
626177,297164
626134,300134
602891,250389
614565,238487
633193,300194
614552,238493
630964,298067
604773,222992
631319,297751
633217,300259
626022,297647
625917,297372
626149,298274
628799,275609
626152,298253
628807,276815
626150,298272
626056,297749
628191,301876
602263,248000
624431,304122
626046,297477
633179,300207
630757,216497
625975,297531
625998,297466
625983,297436
626023,297619
625981,297445
628888,277029
626027,297484
626044,297373
626143,298283
626038,297436
626181,297076
625924,297808
628635,276176
624266,304064
625979,297595
626056,297609
633217,300255
623010,271670
625995,297668
626360,296652
626038,297460
633086,300117
626043,297444
626140,298286
618016,259357
627706,309715
626157,298209
609076,266249
631817,220230
625899,297503
625992,297629
625999,297770
628234,276067
625925,297680
626283,296945
626000,298010
633354,302466
626899,297363
625868,297997
626149,297463
601974,248669
626026,297646
626425,298600
633243,300316
625971,297447
626011,297601
633213,300256
627878,301591
624319,302489
625981,297445
626015,297739
631300,296692
626042,297384
625745,297906
626203,298665
626179,297262
626002,297558
618652,288870
610444,283813
631060,216349
625921,297427
625983,297432
626024,297651
625978,297433
625986,297435
626146,298282
628724,275939
610606,278073
626041,297390
624139,298681
626011,297581
626242,297077
626716,309275
625986,297439
625993,297440
633105,300319
621653,300677
608705,267028
626188,298745
614540,238519
626156,297499
632340,292371
629276,312769
626096,297875
627700,309721
626154,296723
614330,291855
633254,300241
626005,297545
625999,297639
626108,297446
626038,297550
630367,215686
617108,246268
625979,297416
604561,222882
624190,302927
626005,297674
626744,297406
625969,297433
626003,298023
625985,297452
625976,297435
626145,297469
603183,249668
631492,277426
623081,213593
641393,282858
633235,300303
626037,297310
608676,267006
625986,297437
626004,297604
629266,301088
626268,294221
625973,297697
626155,297772
623144,295143
608708,267051
626150,298280
625979,297557
626132,297370
626010,297560
601692,249760
626069,297347
625978,297432
626037,297514
625981,297430
626147,297442
626165,296874
627699,309738
625997,297479
625982,297440
626697,296136
626003,297469
628194,282610
625944,298042
625918,297424
626397,298356
628806,276819
604532,222780
625807,297646
625954,297695
625771,298085
625943,297782
623112,278900
626192,296941
625999,297767
626158,298203
626319,297006
626005,297585
626005,297549
626144,298282
626144,298088
632076,214637
626177,297718
626127,297020
625282,285525
626148,298274
626737,296195
624761,278168
626488,297341
626042,297277
626054,297413
625986,297191
633083,300392
626020,297432
626021,297499
607013,261598
627935,294560
626025,297446
626006,297618
626130,296982
633111,300313
626180,297686
626325,296156
608211,267547
633208,300234
602812,245172
626000,297458
625886,298096
626117,297593
626174,297756
626057,296430
602128,249100
625976,297455
631645,298078
626189,297521
627947,309592
626044,297503
606910,268406
626001,297438
621707,289544
626063,297292
626186,297682
626139,297212
628241,282979
625979,297450
610445,281863
626314,296898
626029,297962
608670,266996
628918,276773
626180,298731
626161,299506
626026,297442
624954,277827
614606,238576
609051,266534
626003,297519
626056,297395
625991,297578
626159,297078
626209,294695
604468,222651
626072,297599
625878,298012
625949,297523
626003,297575
628107,301574
626038,297637
626111,297314
626200,298100
626526,296218
625944,297774
625072,298203
623896,287392
627701,309720
626008,297403
625980,297430
625810,297806
618309,250879
625999,297536
626001,297622
618690,288841
627751,309617
626027,297442
627679,298532
626019,297526
630069,299803
625991,297536
630960,216144
629291,231901
625796,298709
626015,297613
624389,282538
601691,249586
626035,297453
627704,309718
625982,297440
626149,297431
632976,300247
626003,299149
625985,297434
606995,242698
626079,297756
606904,268388
625988,297431
624215,299026
626034,297561
626051,298179
626016,297432
626020,297674
626029,297542
604632,251300
625978,297433
626100,298450
614681,235301
628678,276431
626488,296997
625980,297442
642153,277228
625985,297429
605436,222405
626164,297169
625986,297429
622441,247043
626670,296595
631624,297763
626405,298103
621136,299334
626015,297643
609937,256534
624151,298681
625985,297437
625994,297456
626008,297430
608699,267038
626036,297453
622495,237831
601606,249326
626026,297480
626306,298738
626008,297489
626443,297882
626964,297593
626012,297472
633044,300492
632483,236437
626002,297516
626076,299826
626094,297947
626004,297546
629292,302336
626365,298770
625787,297859
625977,297434
626037,297510
626196,298672
626150,297525
626186,297685
626589,298987
626597,296575
630491,259365
602146,248795
626267,298530
625983,297432
625868,241868
625911,297846
627304,225771
624378,304082
621069,299669
626163,298246
626657,296096
625989,297453
623148,295139
625593,293669
626156,296900
625994,297524
630830,216239
634692,263097
626010,297469
626153,297490
626073,297736
642154,277275
626083,297586
626182,297056
614507,238545
625993,297425
626340,296103
626117,298163
625979,297429
626147,297435
626320,298394
626003,297634
625779,298074
625978,297432
626003,297545
625996,297628
626035,297643
633211,300239
625795,298066
608709,267078
625996,297652
628886,276781
606789,253713
626200,298609
625997,297388
626192,296941
626141,298298
626165,297773
626713,296264
625214,299650
626370,309751
625817,298235
626054,297710
626013,297488
625804,297668
626139,297441
625986,297533
625956,297341
625939,297776
626141,298290
628943,276585
625982,297470
625846,297928
624690,217120
664889,256914
626400,298667
626625,297963
626180,297694
625979,297443
626077,297812
626031,297564
625975,297449
632975,300345
626170,297164
631399,228312
625996,297444
623161,296192
604544,222738
633356,300372
630833,298268
632411,292183
614513,238543
630956,298060
614518,238539
626150,297428
625968,297459
626038,297338
626009,297438
626036,297426
608665,267043
625995,297426
630593,276751
625985,297439
625980,297441
626156,298266
623562,287408
609129,262635
626143,297460
625744,297907
630987,298029
626012,297511
614171,293427
632503,280451
614669,238616
625980,297444
625992,297715
625864,241813
604427,222522
625983,297456
627493,293426
632995,300691
626149,298280
624884,277782
626417,295459
622743,213744
619421,297556
625962,297357
625983,297440
624727,278226
626043,298241
625980,297440
641485,282339
630923,299984
625961,297614
626343,298814
625985,297437
610650,280914
626081,297831
614597,238560
626168,297066
626149,297447
625992,297415
624160,298690
625984,297424
626003,298807
626598,296405
626183,297075
626120,297433
625998,297537
627882,309343
625998,297442
625990,297440
626040,297379
626144,298284
630392,215528
626152,297419
625967,297886
623636,287481
604485,222652
631185,296483
610618,278088
632876,294671
626026,297484
625964,297681
625983,297433
626359,297015
626046,297994
689063,270202
626004,297394
621251,288205
626133,298298
620717,296620
626004,297542
628194,282618
614950,294813
622026,300874
614933,217922
626088,297871
626270,296927
625986,297444
611807,227510
625979,297560
626072,297620
626003,297534
625857,297801
626193,297696
626005,299932
625916,297363
626185,297687
626176,297093
626003,297532
626009,298218
626307,299700
625966,298325
627858,309570
625967,297384
627218,290141
626080,298271
623761,297417
626000,297517
626156,298132
633215,300254
625999,297530
626010,297616
622467,260345
641377,282863
626028,297841
630442,301257
621273,288344
625735,297807
614774,238350
633008,300585
626144,298283
625978,297448
622742,213795
626187,296780
626184,298291
635134,293485
625990,297650
626075,297772
628032,301533
626009,297647
624275,304071
633231,300313
626153,297432
628277,300635
626045,297396
629359,301143
626192,296941
627052,298749
626046,297395
627924,275585
626033,297465
626072,297761
604542,222842
626042,297619
626340,296039
601585,249353
614576,238523
625926,297683
625979,297442
626138,298296
633212,300259
604399,222547
625678,298077
626150,297669
631526,266376
625773,298097
626150,298289
627680,298286
626020,297439
626026,297475
622745,213737
629868,301369
625984,297433
609097,275931
626159,298651
626140,298036
625999,298156
626672,296097
626231,297062
626141,298286
626040,297638
629389,276515
625779,298081
625763,293680
625986,297435
626140,298131
633176,300288
612070,288425
604527,222537
625983,297445
626159,296907
626079,297823
621881,268722
626183,298743
642267,277138
625988,297450
625807,297651
632344,292371
629529,267569
633145,300449
626035,297401
626144,298277
614587,238540
625978,297447
626235,297796
626176,297165
630437,299188
624929,304379
632985,300296
603592,220880
626176,297167
626002,298249
626481,298365
626000,297749
626657,296092
626613,296352
626009,297437
626012,297473
625999,297613
626074,297304
625964,297484
626176,297004
626010,297596
626001,297604
627297,299601
626164,297777
625980,297645
620204,255700
626276,297709
631468,215404
626032,297441
626162,297048
625895,297895
626024,297447
626110,297591
601660,249421
633214,300257
626011,297613
624368,299642
607212,254371
626167,297058
608664,267042
642155,277104
621504,298830
626143,297680
626149,297439
623315,296315
622161,257248
624297,299653
625981,297476
626043,297615
626131,297367
626211,298714
626273,298388
631030,215962
625980,297442
625984,297450
625417,301915
625941,297372
626109,298017
625985,297437
626105,298373
625999,297461
625995,297761
626307,298752
626057,297433
626008,297664
629163,298301
626030,297437
626009,297626
626052,297578
626000,298308
626093,298182
625986,297607
604389,222640
626487,295599
625986,297439
626462,295303
625952,297339
626017,297615
626312,298826
664876,256897
627984,301065
626173,296829
626306,297743
625948,297411
625974,297719
626602,296607
676317,242508
617809,297382
629901,277980
625978,297421
626876,297372
608670,267028
626066,297158
626241,297107
626144,297432
625984,297449
632936,300277
625978,297446
625974,297564
626115,298150
626025,297482
628175,300844
626170,297054
626164,296878
630354,301085
623415,294275
625809,297653
625985,297736
626002,297434
628175,284748
633257,300194
626194,296941
625989,297430
626308,296681
626037,297455
607769,267908
626340,296771
625979,297437
626464,295612
626015,297614
601716,249471
629612,276941
624724,217130
625980,297439
622087,246782
630735,216856
626287,297756
626073,297756
626136,297876
626149,297439
624364,304067
626046,298172
626014,297438
626011,237261
626057,297571
626002,297613
611967,276825
626020,300285
670098,263795
626165,297170
624268,304077
626157,297687
625983,297431
625961,297598
626127,297338
604789,223033
626044,297380
625981,297445
626583,296763
626141,297238
602861,250168
625987,297743
609421,266182
626072,297157
626019,297456
625890,298129
626038,297383
626202,297094
625795,298064
628716,283336
625985,297434
623102,296296
610916,270681
626178,297181
602628,251772
626023,297495
601447,249825
621513,299855
625984,297449
626011,297562
626451,295491
626303,296896
626151,297430
626057,297635
625868,297774
628624,301017
626172,297750
616356,295844
626171,297065
608676,267040
626047,297377
626045,297440
626022,297492
626224,296964
626157,298270
626030,297550
623768,300627
626004,297476
604470,222658
625998,297462
614511,238543
633203,300241
668846,261837
610639,278025
608680,266956
626142,298281
626133,300136
625997,297604
626069,297288
626030,297447
626036,297447
626247,296884
608674,266990
626197,297092
601592,249074
624764,217208
626100,297600
626176,297671
625998,297731
626030,297648
626127,298293
603183,249686
626284,297053
619848,240773
626036,297440
625988,297655
626069,297596
626005,297476
624302,304095
631462,215421
625886,298132
626015,297388
626113,298005
626065,297349
629809,217688
625910,297417
604183,221388
625979,297437
626200,297400
632295,228578
626835,297879
626008,297600
626007,297412
633239,300311
625982,297431
625979,297439
626160,297143
626188,297185
626012,297431
625902,297402
630959,216161
626119,297672
624275,304067
625983,297441
626039,297552
626170,297772
625777,298082
625480,298122
626162,297785
626009,297420
623695,300984
627352,298690
622444,247069
626022,297482
604502,222716
626154,296902
614569,238505
604694,263373
626001,297548
626037,297437
626130,296950
625980,297449
626161,297618
626011,297396
626163,296857
621246,288234
626156,298271
642303,277148
601614,249323
626601,296952
628940,276714
626151,298161
625956,297506
625980,297452
626145,298284
626162,297054
632997,300680
614852,217981
624746,278176
626139,298279
625774,298092
626455,295497
626191,298147
625991,297714
627624,298279
625944,297774
626040,297448
628392,277004
626151,297494
625981,297493
628983,276794
626188,297477
625994,297489
626123,298321
626226,296965
624301,221796
626033,297443
626209,298509
625774,298224
629261,280989
626013,297428
625999,297401
629851,300599
603958,256605
625938,297443
622511,261914
626153,298248
626157,296884
626007,297447
608677,266971
626148,298283
619934,240689
626029,298037
625967,297693
614545,238510
614317,272374
626193,297682
624233,303139
626169,298467
606918,267799
625521,297883
608696,267019
628930,276765
626079,297820
626153,297439
632543,301304
609017,266306
626026,297481
603244,246628
614486,238547
626158,299500
601600,249336
626089,297320
626137,298147
626029,298028
625980,297448
631607,301403
626205,298657
626184,297427
629260,231834
626036,297556
626166,297096
625986,297430
625890,297888
626151,297435
625887,297889
625942,297918
615327,295166
625984,297589
626142,298274
625997,297657
627780,295502
626457,291867
633026,300674
621248,288193
626153,297285
625876,297830
630794,216373
610635,278028
626015,297534
626284,296905
630660,298657
626105,297199
641377,282870
612766,290333
625985,297434
625996,297525
619905,240662
620910,289199
626173,299205
625976,297463
626145,298297
601580,249350
626351,295850
626663,293542
626030,297418
626030,297533
626119,297721
625969,297458
626696,296137
626426,297919
625952,297396
629294,231912
625976,297444
625785,297661
612461,253377
626111,297581
618852,252885
626166,297164
632936,300273
606629,253317
605434,222408
625981,297445
623558,287409
626038,297448
626215,298158
626047,297208
625960,297466
621059,299285
624157,298682
632067,214741
625992,297573
625996,297371
626025,297484
626156,298204
626073,297551
626038,297394
626006,297613
619816,241378
625908,297911
626145,298159
625980,297442
642240,277186
626013,297474
625981,297442
622777,270463
625978,297583
626261,298295
626004,297540
625309,297179
625981,297449
626097,297126
626013,297437
625993,297711
626056,297404
627150,298545
625815,297809
626017,297603
624878,277798
618758,299195
630752,217232
625907,297383
626069,297490
634177,305062
627012,296478
626170,297066
625982,297449
628809,269866
626151,297483
618901,252897
626163,297032
633105,300310
625885,298132
626207,298503
625996,297527
626458,295374
626149,298272
626593,296567
626014,297433
626105,298374
625982,297456
614573,238482
614601,238463
624498,301664
633109,300311
626132,297431
626149,298269
601669,249237
626191,224114
625990,297433
626115,297972
628652,300974
608636,267050
626003,297596
626014,297435
633180,300282
626063,297155
626024,297382
619940,240697
627628,298272
625981,297445
626180,297162
614570,238513
626030,297614
625958,297498
626013,297483
626873,297988
625778,297344
625931,297822
614643,238437
626045,297457
630955,298080
626166,297050
625982,297433
625985,297449
632866,294817
625947,297679
626424,298355
626345,293103
625976,297448
625974,297749
604152,221320
626155,298254
627705,309718
626171,297772
632077,214636
633251,300356
626144,298291
626151,297201
609199,267874
609967,244679
625978,297481
626006,297410
633241,300229
625990,297592
626037,297429
625840,218654
607610,260707
625998,297947
625682,230550
626051,297398
626592,296571
601583,249495
624350,299038
625958,297371
625981,297437
626046,297407
626004,298734
626038,297454
626130,296969
626179,297167
625968,297431
626138,297703
626018,297478
606969,254005
633234,300307
628886,290456
624608,304336
630969,298065
626305,296315
626018,297594
628426,299199
626286,297754
626183,297173
626042,297656
608952,266755
628174,301168
626035,297462
625790,298058
626015,300297
625984,297444
625981,297445
624142,298681
626025,297619
626157,298251
626025,297443
625988,297450
631230,301253
626070,297551
626043,297210
627659,300412
626183,297168
619773,243364
625988,297451
632337,292381
623069,217028
628667,276459
626033,297437
627695,309736
625814,297974
626905,298886
626069,297162
603766,221033
625266,293886
626470,298185
626193,296943
625784,298086
633105,300312
611987,276828
628918,276964
626014,237210
630216,276348
626030,297442
601447,249822
626139,298049
625981,297455
626169,297756
622321,257376
625985,297434
626040,297393
608679,267113
625977,297425
628194,282589
626022,298266
626149,298270
621699,292095
626038,297393
626024,297443
629485,301008
626014,297638
626153,297212
626169,297063
625940,297982
612768,290326
626182,297682
633101,300309
618026,292906
674158,265928
625978,297451
626078,297625
625946,297781
632383,220408
626148,297427
625980,297480
626013,297619
622025,300876
626269,297997
626018,298026
626876,297018
633219,300233
626048,297413
609073,266253
624298,303903
626002,297682
625888,298125
625984,297452
608704,267095
625992,297673
626183,297061
626205,296894
614536,238484
625981,297437
626190,298149
626006,298266
626383,295226
625926,297582
626153,298282
626356,292536
632981,300341
614177,293374
626197,297090
642151,277111
626873,297988
626884,296560
608870,266515
626175,297172
625976,297439
625831,297287
625979,297435
624158,298685
603184,249646
626143,298157
626387,296448
626035,297466
630970,299973
625898,298018
626632,297056
625825,298274
625999,297657
626139,298059
626032,297394
625984,297435
626036,297692
626300,298972
626012,297433
626015,297616
626200,298100
626120,297342
626008,297470
626151,297435
625750,297887
625978,297446
625974,297442
628725,275738
625981,297447
632985,300688
635558,290235
633213,300223
625675,298077
626054,297509
625775,298148
620452,298974
625987,297425
625967,297458
626000,297538
632340,292380
632947,300244
625979,298346
628196,282623
626165,297071
626060,297103
627651,298471
631065,298060
633211,300255
625950,297410
650071,254629
626585,296545
626109,298853
625984,297429
626138,297033
625990,297582
625979,297442
604205,221464
626018,297602
626068,297664
627766,295492
626029,297978
626024,297512
626014,297434
626002,297542
609275,260950
626155,297497
628150,301226
641484,282341
604787,223033
626147,297429
626175,297772
626144,297401
621228,299888
631375,296616
625923,297501
625951,297585
626042,297453
625868,241876
626025,297431
624876,302646
625991,297449
626724,296460
626724,297544
626063,297153
626110,297602
626001,297602
625985,297433
632315,301315
626189,297684
623302,301159
626150,297435
626026,297446
632274,228573
625983,297441
626011,297433
626581,296139
632361,292401
626160,298203
626010,297197
626115,298776
635557,290235
626004,297433
630992,298188
626101,298459
626166,298293
626180,297162
626377,298059
625180,296993
625999,297405
626092,297637
626185,297696
610092,279971
630805,216335
629664,300727
626037,297437
608702,266997
622905,263760
625932,297728
626008,297535
632960,300241
626072,297485
626129,297361
604257,221867
625997,297455
623835,304632
628810,275965
625990,297615
626080,298099
608667,267026
625986,297435
623687,289754
626304,298745
626028,297433
629013,276520
633107,300306
625984,297538
626025,297480
626010,297399
626040,300321
626170,297777
625981,297442
624928,302496
625985,297433
626241,297445
626595,296565
627935,294558
614506,238545
626022,298282
626013,297616
626029,297554
626144,298283
624654,283120
626189,298592
621332,288524
642156,277255
626175,297178
626042,297573
626040,297450
624335,217110
625916,297417
626125,297335
626182,297172
626060,297641
601543,247729
627947,309589
625972,297551
623959,287459
624775,277690
625986,297593
625999,297401
626040,297450
632844,300828
626499,295561
642294,277716
625980,298273
626154,297484
625993,297657
628088,298374
626013,297429
642176,277795
626084,297267
626023,297513
624707,301823
622989,293850
625962,297681
623992,304205
625983,297432
626131,298308
614474,238564
626000,297693
625991,297451
626003,297672
614538,238520
626020,298276
604579,222871
614559,238499
627222,290140
626142,297395
626055,298109
626191,295174
625970,297497
625997,297391
625917,297686
629541,285836
632339,292381
601701,249212
606069,261216
625983,297432
629478,299695
625995,297524
629250,301076
628869,276476
625940,297407
626127,297048
626178,297849
601691,249758
625989,297454
626136,298300
626644,298071
626038,297347
631776,220235
626007,297448
626200,298587
625930,297679
625999,297617
626073,297753
625982,297600
632894,280121
625986,297448
631305,296691
626204,298368
626016,297477
625997,297530
614577,238527
623710,298414
610405,281050
629433,276686
626474,297949
625980,297442
626147,298284
625984,297458
619789,299026
625982,297450
626026,297651
626073,297658
626137,297831
630989,298191
626006,297589
626463,295303
633103,300322
626025,297476
614492,238548
626142,297529
631051,216604
625974,297396
624814,298738
625620,295567
604354,222170
626011,297639
626025,297748
626029,297628
614542,238515
625919,297426
625985,297443
633119,300417
633063,300034
625985,297434
606911,268375
625958,297511
626065,297465
607117,268262
626010,297477
626003,297621
626052,297656
626029,297602
626011,297633
625998,297612
626036,297447
625985,297436
625987,297432
625987,297473
624325,286284
624369,299672
626019,297470
625979,297450
625991,297484
625965,297502
625277,302028
626591,296541
625982,297444
633325,300362
625986,297436
610603,281827
625990,297383
611955,287751
625600,301686
625946,297778
625980,297446
626167,297121
626168,296875
626009,297388
613786,293151
626049,297647
601555,247553
625993,297355
626002,297521
625984,297587
626208,296922
623397,301174
608667,267059
615585,295028
626000,297606
635678,285423
626024,297580
626059,297487
625979,297228
626113,297557
626148,297438
626112,297594
629163,298301
626563,310335
626017,297604
625957,298146
625947,297779
626023,297548
625978,297571
630952,216695
625979,297437
626171,297760
625132,299728
627425,287376
625918,297558
626205,296926
626027,297486
627697,309719
620945,298741
623918,295684
625780,298306
603184,249680
626000,297601
626014,297597
679190,250621
626341,298768
626324,298387
626181,298737
623060,295409
633122,300345
632939,300279
626395,298687
628675,276438
626012,297472
631770,294357
627699,309740
625781,297860
625981,297592
626021,297438
626016,297522
609505,270981
621247,288209
625948,298013
625979,297447
625081,298215
631043,216618
626036,297622
627011,296481
625979,297202
626135,297213
625982,297426
626038,297542
628692,300659
626037,297388
625982,297445
618639,288900
631523,266369
626045,297547
625982,297439
625945,297776
614549,238489
626177,297170
626142,298278
625995,297482
625588,298063
626719,296094
625995,297710
622582,213684
625977,297216
626472,309543
608689,267005
626011,297624
614837,238281
618972,278061
629275,312772
630969,215997
625994,297528
625978,297435
626154,297202
626004,298101
625998,297540
632391,220416
626027,297463
626011,297660
626010,297621
626164,297058
625983,297436
624159,298688
629356,301135
626623,219906
626120,296952
625980,297437
618026,292885
626696,291210
625987,297458
626148,297472
626010,297629
626187,298744
627625,298280
626021,297450
626022,297482
625987,297442
630858,216553
625966,297711
626039,297438
625963,297565
609069,266230
624297,299294
624269,304075
625981,298173
626031,297615
626162,299509
625977,297450
615044,237508
626062,297594
630955,216684
626028,297532
625993,297485
625922,297682
626127,297912
626036,299869
626029,297613
629626,300774
602748,251308
625964,297373
626017,297644
608707,267045
624766,217208
625966,297600
626979,295837
625983,297447
626027,297627
625996,297767
625990,297580
629586,285671
626126,298953
626181,297724
626034,297440
632389,292509
626021,297617
626128,300268
626826,297882
626419,297755
626195,298149
626189,297686
626000,297519
626040,298034
625979,298143
626142,298285
610683,281852
626120,297981
627858,309570
626207,298502
626045,297401
626403,296956
624571,217121
625997,297529
626184,297699
625425,298412
608638,283032
625990,297659
623621,301845
626018,297381
633111,300319
626067,297161
624677,302064
626008,297616
626005,297542
626141,298091
631882,301461
623824,300558
610873,283388
626622,298200
633076,300607
626328,298389
642160,277277
630887,216441
626161,298254
627696,309739
625987,297520
626013,297616
626149,298286
633134,280431
625987,297456
628980,276793
626083,297178
626884,224621
626013,297640
629280,231804
626112,298140
630877,216463
626032,297444
601651,249685
626028,297485
626206,298665
626019,297443
626021,297463
624153,298680
626764,295136
625961,297263
624178,298834
625980,297443
633229,300310
625670,298608
626208,298377
626009,297473
626116,297412
626016,297385
625954,297311
626176,297779
626155,297405
626603,296540
608705,267054
614553,238494
626072,297330
626023,297439
626056,297634
626118,298146
626224,296971
626005,298024
625980,297420
625995,297380
626149,297439
630962,298084
625982,297446
627174,295378
626050,297557
625968,297667
625935,297904
626270,296972
626043,297391
626147,297425
642122,277177
601707,249432
608697,267023
626125,297336
626170,297779
626053,297406
623758,297304
631796,292024
625991,297443
625975,297440
633233,300333
626196,298676
625923,297686
626045,297399
603160,249706
626111,297662
642160,277273
625975,297465
625985,297428
625946,297687
625991,297453
626204,298294
625999,297614
625972,297730
625985,297436
627955,275614
628193,282618
604530,222868
621113,299990
625979,297445
626018,297623
625990,297455
625771,298099
625873,298040
626176,297191
610471,281925
626003,297656
625980,297437
630090,299815
612079,287830
625989,297664
626090,297855
627269,290131
626087,297324
626044,297469
627698,309710
626013,297428
633148,300373
614951,294803
626200,295035
626144,297404
631351,289957
625492,297381
626130,298495
626554,297849
625987,297448
631016,300376
628720,275792
625076,298218
626150,297435
624100,298484
633220,300256
626029,297411
603140,249502
624546,217105
626226,296983
626342,298828
625981,297445
626963,297833
625999,297764
626011,297639
628212,301485
625980,297417
626141,298283
626028,297628
626001,297453
635398,289443
625995,297266
625988,297409
625020,299926
625997,297492
626309,296611
626225,297008
608669,267055
631309,296691
626023,297489
626152,298240
626160,298303
626116,298159
626159,298651
626023,297493
626664,296614
626200,297225
627216,290122
608678,267041
625987,297431
610886,283579
626026,297605
626040,297452
674312,267347
626031,297635
625837,297746
626029,297464
626459,298155
625953,297681
629267,231850
624279,299297
626169,295564
626124,297918
626073,297772
619129,292816
625981,297427
626735,296113
614499,238547
626095,297597
626101,297448
624262,304029
626037,297970
626115,298154
625991,297480
616877,272732
627042,298844
616605,243612
626163,297057
668849,261838
626443,295371
623089,295873
624464,217084
621117,299571
626036,297431
603203,249658
623332,296291
626028,297552
608637,283036
626149,298267
625581,301765
626019,297663
626563,296888
625704,298167
626045,297406
626120,297347
626073,297654
625986,297437
614949,294809
626690,296563
668849,261835
625958,297447
625882,297473
626038,297344
602672,251088
632912,223682
626141,298085
626008,297596
625987,297519
626190,297536
625981,297435
609522,257973
626143,298288
626123,296942
630963,298065
630696,301294
625143,286415
625982,297438
625981,297441
626891,296697
626142,298290
625985,297440
624271,304110
643151,278193
626286,297754
626110,297949
626039,297386
626151,298249
626012,300302
625993,297584
631461,215410
625981,297445
609419,266187
629537,267523
630876,298161
625994,297518
614911,218035
625184,296992
621041,299637
625775,298081
622318,257370
626484,296797
626463,297953
631458,215411
626000,297434
625990,297601
625979,297427
626697,297668
625984,297432
639917,283242
626191,297808
626170,297769
625979,297433
625981,297445
626161,296908
626998,295916
626014,297619
625981,297437
626039,297462
626022,297567
626035,297587
633184,300241
626080,297651
626057,297494
625999,297621
626212,298508
626511,296698
614484,238547
625933,297789
664883,256884
626003,297606
625958,297512
620909,289226
625980,297443
609935,256468
626397,298759
641430,282345
626008,297598
625979,297442
626027,297558
626185,297078
626002,297514
626312,296441
626044,297394
624545,304320
625973,297393
650171,254654
622020,246657
626120,296948
626199,224120
625980,297444
626146,298274
643133,278193
629342,301159
626008,297470
625977,297436
624271,304065
626176,297261
626029,297557
623320,296295
626028,297622
632990,300312
625826,297372
626052,297557
601609,249324
625978,297444
625995,297651
625947,297453
626021,297439
642167,277101
630750,217238
625960,297455
624613,295688
686547,275423
625983,297463
628781,277156
625962,297486
625979,297446
626045,297612
626478,296981
626023,297438
664877,256891
604354,222202
625950,297344
624873,302637
632990,300307
625998,298431
626158,298210
625571,294529
626177,297171
624859,277729
626040,297447
622934,277491
625929,297937
626174,298707
625980,297446
603507,220800
625919,296822
609312,260359
625885,297865
627013,295798
626008,297598
625962,297452
625985,297437
625751,298336
633189,300289
624888,277698
626061,297521
625770,297423
626181,297168
625995,298292
617629,293897
617720,296888
625999,297548
626049,297627
625986,297450
626323,297992
626330,310033
625774,298084
626144,297461
626735,296361
625782,298075
625991,297749
627575,300295
601674,249637
625997,297697
626112,298115
626150,297420
625987,297584
626009,297443
626010,297399
625991,297480
626491,298319
626327,296725
618728,287223
623150,295123
618827,252893
631053,216652
603216,247194
624298,218153
626028,297621
626017,297625
633173,300223
625980,297553
626024,297622
626061,297296
626147,298125
629586,267669
625904,297405
626167,297178
642151,277106
626010,297565
626171,297752
632025,297744
631312,296690
626202,294887
626024,297578
642154,277266
626035,297554
625969,297710
626111,297962
626005,297540
604609,222780
614787,218083
630898,298162
626150,298283
626046,297402
626002,297598
619337,298286
604777,223026
626366,298767
626138,298138
626052,297393
626180,297686
626738,298955
626181,298526
626149,297420
625992,297428
628768,276328
625974,297554
633148,300383
625944,297495
625975,297417
625984,297589
628020,301186
626000,297462
621438,300318
625867,303596
625979,297443
604414,222577
626060,297656
626278,298080
626062,297796
625981,297437
626594,296571
626013,297540
664851,257154
625993,297418
626050,299255
626000,297448
626278,298078
625802,297654
632308,228584
625827,297637
625983,297457
629130,281484
626036,297393
625800,297654
625202,299682
626030,297442
626018,298005
628666,276459
625986,297435
625984,297436
626008,297462
608706,267065
626414,296601
626403,298100
610603,281849
629282,297818
626007,297474
624065,216921
626114,297197
623118,295862
614559,238499
626151,299045
624861,217462
626001,297459
674149,265884
626045,297375
627679,298527
626725,297546
625950,297650
625976,297382
631035,216623
626007,297648
621691,292106
626147,297436
612460,253375
626714,298088
632290,228586
625762,297667
625989,297429
626024,297649
610610,278069
625664,295641
609070,266253
626458,297857
626143,298293
626027,297953
626040,297390
626135,308186
626026,297628
626000,297618
633103,300315
604564,262008
628582,299794
625990,297406
625991,297546
626156,296711
626009,297594
625892,297887
625999,297441
625334,293770
626013,297473
626488,298115
626293,296586
624799,213675
628669,276462
626042,297637
625982,297429
626160,297888
626181,297162
626103,298054
626194,297687
630918,298108
626000,297555
625989,297453
626024,297632
627197,298155
626048,297216
626001,297647
626055,297474
626045,297402
628893,276313
626147,297464
627907,228427
624184,300750
609077,266258
628981,276792
628918,276971
626023,297626
621480,289740
625890,297888
626045,298169
626049,297205
626037,297454
627871,294902
634213,304326
602344,248185
626029,297444
626091,297241
626241,298263
619911,240544
626011,297565
626056,297678
625673,298620
625929,297681
625977,297430
629263,231843
622767,270472
606955,268590
626154,298157
626548,296617
610645,281837
626004,297444
626150,297435
624601,217642
631312,296698
620452,298979
626029,297513
626000,297463
626168,297056
614483,238548
624866,277788
625171,295763
634258,304367
624088,298481
626017,297620
626028,297561
626166,297059
626004,297394
627149,298546
626123,297663
610910,270676
623094,295905
625997,297467
626033,297473
624886,277722
625994,297427
625981,297446
625987,297455
626038,297445
626147,298294
626653,296325
629078,276873
626007,297609
601560,249212
629689,267593
626035,297611
626001,297516
626000,297605
627219,299377
628350,301210
626020,297508
626467,296317
632983,300285
625987,297592
627083,298385
625988,297446
625813,297803
633107,300322
626184,297695
632047,282810
626195,298697
626157,298226
610221,244455
626651,296328
626308,301266
625992,298077
625908,297381
625979,297456
625983,297429
626187,297083
626147,297473
625992,297597
626578,298991
626154,298259
622463,238366
626198,296935
627780,295505
626014,297542
625975,297596
629077,298652
627049,298801
626038,297554
626058,298096
626028,297445
614744,238389
626021,297648
626014,297589
626077,297767
626141,298284
625978,297490
625800,297400
626039,297371
618032,292901
609106,273413
625985,297437
624995,304585
626017,297529
626000,297605
626283,297021
626120,297476
626891,298122
625980,297443
626007,297618
625860,297773
626031,297440
626027,297454
626123,298478
642244,277610
628280,275384
623649,288010
625981,297450
625994,297708
625977,297449
633217,300225
603194,249695
630958,298033
626017,297601
634694,263092
610451,281797
626287,297749
621505,298841
625983,297437
626043,297455
625997,297625
623035,278516
625928,297275
608658,267248
625987,297438
629418,301114
626654,296639
626149,297430
625978,297583
626176,297470
626037,297449
624154,298682
626139,297393
626130,300137
603629,220913
626388,295190
629075,298617
626012,297432
626175,297797
601698,249279
626162,297784
629543,300877
676465,249201
633226,300089
626179,297167
625856,297705
642136,277114
603189,249696
623022,271533
630375,300998
623141,296247
624374,299646
626001,297611
674321,267274
626610,296372
624255,286305
625945,297394
626141,298282
626008,297410
625978,297440
626203,297746
624167,304055
626004,297429
626025,297511
626598,296568
626026,297427
625980,297443
625977,297433
621250,288211
619893,240757
626182,297699
625985,297439
602921,250435
622729,213757
626192,297510
633667,273985
633321,300299
625824,297275
626183,297170
631464,215420
625901,297698
631748,220141
608707,267061
624269,304068
625982,297437
625991,297645
626146,298288
626029,297420
626591,296748
626035,297549
626162,296861
626022,297482
642152,277272
626125,297919
626276,297710
626152,297429
626192,297073
625793,297724
626039,297327
625981,297448
668155,239204
626231,298566
626298,297022
626014,297200
625979,297415
625977,297439
625806,297674
625983,297435
625981,297442
628942,276712
622742,213757
626393,298101
614529,238530
601391,249921
626450,298288
632948,300269
626049,297385
604540,222727
625811,297748
625989,297457
626016,297476
625814,297807
626011,297669
626307,296306
626159,298273
625979,297433
624268,304075
626135,298137
611669,287676
626167,297037
624234,303137
625999,297547
626028,297627
626009,297434
626358,296641
626136,298036
629742,301575
625973,297438
628032,301531
626073,297474
625838,297363
625981,297441
632950,300242
628772,277091
626005,297439
619878,266453
626077,297717
626150,297792
626457,298165
642311,277160
616456,295954
625988,297684
615651,294982
626010,297468
626006,297420
626323,296544
625951,297502
625952,297784
626181,297175
610459,281873
626074,297764
601395,249905
630776,298332
626020,297438
608672,267045
626020,297506
627314,299649
616869,243753
625988,297258
625874,297837
625984,297427
626039,297683
611670,287679
626017,297598
627402,300397
626178,297183
626035,297371
631779,294357
604881,223114
626591,296547
626972,295834
624764,302294
633254,300242
626121,296940
626009,297612
628915,276963
626193,296942
626034,297460
625891,297904
633234,300319
626116,297187
625989,297457
629347,298219
625999,297763
626010,297637
625986,297449
632969,300288
626030,297561
628405,276088
629092,276528
626674,296096
626172,298303
626435,298384
626466,298548
626436,295890
622750,213761
625981,297445
628927,276706
625984,297445
625988,297595
625985,297434
604198,221430
627152,298694
642155,277250
625977,297582
626032,297625
625683,297022
625920,298030
624268,304077
625986,297427
625982,297452
626198,297089
626583,296760
630947,298038
628891,276914
633308,300352
625805,297649
608680,266907
625989,297409
626144,298285
629872,217673
625996,297701
626095,298315
612650,289191
626034,297448
614488,238548
626070,297151
626149,297433
625979,297450
625982,297440
618641,288983
601706,249319
642166,277104
626220,294465
625932,297434
625983,297440
626171,297789
606886,268383
625987,297627
625984,297444
626184,297698
624251,286302
626143,297409
626155,297683
625994,297530
625970,297457
625982,297437
626016,297463
624369,304072
626026,297481
628960,276669
625840,241919
625982,297403
625711,298045
625981,297445
615732,294974
632402,292518
617093,296732
625967,297539
625885,298132
625993,297710
625988,297434
624857,217457
626474,298031
625964,297325
625983,297438
626100,297705
626014,297595
601687,249453
628681,300769
631040,297949
626159,297461
626037,297457
626136,298299
625896,297867
625779,297841
621385,299217
626030,298093
629168,301119
626026,297480
625989,297742
629860,219693
625620,296680
633308,300577
626157,297777
610552,256696
624762,304334
625987,297470
626018,297629
625777,297347
626025,297600
625978,297435
631580,266657
625981,297452
626014,297629
626041,297283
625833,298046
626022,297443
626026,297483
626156,297454
626032,297447
626907,298883
627528,300210
632595,301239
628291,301392
609024,266301
628692,275788
626131,296959
628329,300093
625980,297442
626011,297615
604503,222718
626538,296909
626475,298213
624860,277727
624268,304068
620887,301643
623576,213724
626009,297416
625914,297416
625807,297649
626620,219893
625901,297401
629301,286994
609067,266212
624457,304137
601686,249576
626018,297434
625785,297863
625983,297440
626160,298272
633002,293906
608674,267085
626037,297388
625917,297668
626069,298048
626161,297541
626032,297434
626083,298713
625963,297487
642154,277108
632995,300681
625975,297420
626152,298282
628927,276685
625933,297848
626010,297452
625892,297786
630887,217236
630959,216682
625923,297675
626094,297458
626037,297613
625986,297436
625986,297433
623578,287387
604395,222671
601685,249594
631314,296694
614558,238498
620223,298703
625990,297452
626048,297611
626396,298355
612465,253369
626052,297386
626105,297201
625988,297452
626054,297493
625909,297374
626004,297430
625975,297731
626010,297444
619893,240754
625978,297443
626182,297173
633131,300319
608708,267048
633048,300482
626161,298305
606967,268393
674183,266093
633196,300237
626157,298205
626057,297488
625975,297420
626026,297637
626170,224016
626233,297485
625793,297918
626014,297514
612010,288072
626139,298287
628781,275661
625980,297436
625902,298116
627696,309731
625934,297817
626345,293086
626201,298660
626160,297791
607575,261921
626205,298287
626215,296872
625984,297623
626010,297594
630372,258130
620209,300214
625979,297488
631404,298506
626005,297608
626288,298007
626021,297477
626000,297456
626525,296215
626105,297450
626175,297163
606772,243042
626342,298627
626148,298278
620720,296620
625858,297688
610689,281850
625984,297649
625981,297453
602771,248536
626079,297653
625996,297539
621330,288461
627049,298801
625900,297997
624268,304073
629238,298293
684019,274342
614570,238512
626963,297594
625987,297436
627954,275615
674175,266079
626027,297597
626000,297700
626002,297545
625832,299987
625772,297750
626155,297688
633193,300277
625424,298413
626029,297680
625991,297454
626599,297817
626006,297467
626068,297469
631249,229178
625981,297435
601610,249322
626151,298280
631395,290719
624334,299686
624887,277766
625999,297766
624239,303135
626038,297448
601993,249336
625984,297437
604411,222678
626014,297432
626068,297881
626026,297530
626137,297383
636747,300382
627753,295477
625996,297696
625955,297500
625780,298083
626441,296954
621252,288195
625968,297458
625978,298151
626186,297138
625962,297475
626025,297550
626203,297661
626152,298164
626073,298077
608687,267036
626460,298340
625885,297515
647583,264160
626136,297717
626121,298154
628918,276968
627041,295748
626001,297534
624472,300148
625973,298318
625956,297683
626350,298712
618683,288858
625978,297447
614603,238568
626139,297897
626063,297712
626181,297432
628908,276298
626570,296724
627696,309741
626022,297632
626029,297540
625981,297437
626184,297170
602824,245217
625908,299792
626008,297434
627347,294629
623110,278900
626146,298282
626286,297019
625735,298797
625997,297356
626146,298257
625995,297458
626065,297612
603717,234339
626149,297655
626044,297401
620959,301381
630756,300804
625895,297895
626079,297752
626148,298296
625963,297484
626030,297570
626029,297377
625882,298063
611036,284248
626973,297489
626092,297753
624856,217466
625999,297605
623591,299425
622959,264442
625982,297434
625997,297411
626166,297710
625978,297443
621034,288014
626147,298286
626955,297382
625988,297544
625984,297437
625979,297442
611680,287695
626153,297439
625961,297484
626152,297454
626166,297736
625978,297441
626114,298158
622441,247069
626292,296631
626007,297538
625991,297407
626003,297573
626189,297062
625998,297458
633858,303385
626088,297815
626070,297718
618674,288865
614536,238523
625983,297444
642154,277105
627111,225317
626027,297485
627148,298552
625984,297437
626157,298263
625971,297660
626401,297729
628669,276437
625978,298152
625996,297536
624769,217204
626885,297918
626004,297434
627631,298268
628514,293681
602891,250397
623565,301053
626174,297750
626176,297185
626145,298265
626011,297616
626141,298294
626016,297528
626154,298212
625988,297705
626145,297470
633227,300228
626007,299932
626661,296327
625988,297428
642197,277292
626273,296963
626019,297481
626286,297027
626114,297655
643121,278178
626174,297777
626147,298284
625989,297543
626430,295528
626183,297703
626169,298293
621898,269085
627665,298537
625997,297554
629416,287000
626305,299693
626257,296944
626156,298268
606539,225862
626132,295474
625731,297991
601631,249415
627868,228424
626039,297391
631008,215713
626184,297314
626318,309987
626075,298059
625997,297410
642167,277097
609072,266238
626002,297521
625493,294417
625915,297693
608775,269085
626530,296201
626034,297612
632945,300696
626016,297601
626169,297806
626553,296519
626143,298284
626026,297624
614526,238533
626315,298650
626124,297918
615508,295166
626034,297446
626600,296570
626004,297589
610018,253125
625994,297751
625986,297424
626891,299125
603233,249260
626034,297562
625870,241867
626007,297624
625807,298230
625935,297441
626103,300153
626458,298163
624216,303945
626000,297749
627122,298460
625978,297448
626978,296519
608701,267036
626001,297700
625959,297512
626200,297400
626071,297573
628677,276438
626128,297199
664980,257048
621278,299481
625962,297682
626014,297427
626327,296723
626154,298284
626145,298274
625983,297454
626010,297612
626013,297434
625921,297679
632303,228582
626459,298203
629585,297979
624756,301770
632977,300345
620000,290000
632939,300255
626015,297427
626112,297267
625917,297456
628909,269675
626006,297623
625980,297436
621384,299217
626004,297193
626211,297746
625910,297364
626148,298286
626338,297813
601656,249329
627701,309720
629347,267760
626012,297434
625984,297438
626060,297530
625983,297604
618689,288869
633191,300327
626149,297427
633212,300235
614544,238485
632903,280360
628019,301170
625991,297633
614982,238149
626147,298286
625773,297744
614562,238490
630764,216457
626270,296963
626484,297996
626058,297341
625996,297467
623322,296304
608637,283034
601857,248246
625982,297437
631035,216625
626178,297747
628719,275792
626007,297408
634260,304362
630524,217071
626143,298113
626387,296964
609065,266258
625955,297681
626144,297430
626016,297591
603926,221140
626008,297541
626151,298297
626032,297440
625962,297688
626037,297446
616351,272880
626145,298288
626003,297539
626033,297473
626074,297762
621957,300907
627700,309720
626168,295562
617621,275768
626002,297538
625995,297657
626188,297804
626577,295609
625964,297558
624273,304073
633217,300258
626175,297169
626154,297271
625957,298102
626287,297753
625998,297520
633086,300111
625024,299172
604787,223039
627696,309735
626076,297826
624734,278199
626062,297610
625970,297611
625847,297625
625984,297436
625183,296990
614508,238545
625978,297575
630960,298065
633211,300221
633199,300260
634223,304311
625989,297629
625990,297427
622627,247060
630807,258471
626291,296671
633119,300457
601745,249429
626167,298382
642265,277163
609071,266222
625778,298086
608686,267002
623909,295674
626025,297442
676067,242603
603968,256574
626458,296387
626034,297550
626144,297385
625985,297456
626099,297224
633101,300327
626216,296895
625953,297536
623959,287450
625938,297474
626149,298281
614498,238547
604399,222545
626157,296904
611692,287690
642148,277109
626394,298223
626218,296775
626889,298902
624239,218552
625980,297441
625923,297800
633105,300362
632383,220410
626094,297623
626026,297481
625839,297944
626161,297046
603201,249651
626152,297784
616959,244195
625889,298124
626028,297751
626125,297352
625896,297903
626200,297664
624271,304083
625378,298533
629578,287370
607523,261980
625999,297610
626150,298282
626096,298313
604702,250861
626014,297430
626026,297647
626033,297481
626173,297785
625860,297805
601589,249354
626821,297880
626122,297662
601654,249681
625993,297487
625948,297776
610949,274580
625950,297897
625842,298168
626121,297983
633201,300238
625991,297706
623604,287423
609785,256592
625967,297469
626015,297589
626041,297332
626022,297584
629085,276486
619506,278053
624317,304082
625999,298308
626191,298548
601680,249418
626817,296578
626158,296907
625990,297655
625642,295585
625956,297787
625556,297518
625981,297445
630951,296120
626394,294014
607563,261919
626134,298018
624268,304067
628275,301420
632154,301406
626023,297666
626033,297377
630089,299816
601619,249327
633214,300252
626105,297946
625987,297190
626145,297149
626012,297434
601586,249061
626195,295622
625808,297654
626012,297433
626006,297430
625978,297410
626014,297592
626965,297553
624793,278109
626011,297430
625977,297439
626080,297830
626168,297734
625948,297686
625932,297882
626015,297472
610899,283126
611803,227532
626555,235559
626343,298627
626020,297508
642152,277268
626167,297274
625985,297595
626462,297353
626169,296900
626129,296981
626150,298276
626009,297652
625979,297443
624161,298687
626008,297621
626300,296797
621728,306100
626011,297632
633241,300185
624747,278156
626362,297621
625987,297434
628765,277113
626161,299501
627633,298268
626190,297475
625610,301640
626187,297171
626153,298268
630944,296127
626044,297422
626143,298282
626012,297580
626045,297411
625969,297471
626157,298183
625807,297646
624643,302057
623565,301053
626012,297438
626001,297463
626133,300138
626597,296566
626055,297637
625980,297438
626026,297561
626530,298308
625841,303631
604244,221826
625994,297438
626008,297624
625987,297442
614950,294812
629068,302239
626044,297395
620458,298983
626073,297552
625981,297441
626062,297851
626759,309112
667193,262776
606997,242694
626012,297442
625994,297551
684364,275030
634162,305033
642106,277421
614673,235304
619861,240687
625757,297719
626117,298162
626332,297449
624876,277807
625982,297436
626190,297661
625973,297577
604217,221690
625911,297381
626148,297425
633211,300237
626195,297518
625981,297443
628327,284597
650116,254590
614766,238361
630878,215860
626601,296567
625986,297736
626423,297952
632866,280207
624710,299740
601990,249319
642162,277127
626723,297183
625968,297524
626165,297052
626435,298352
625967,297878
625982,297462
621246,288261
629077,298651
612115,260459
642121,277179
626255,298142
626035,297432
614568,238485
626010,297372
626056,297480
627204,298163
626398,298214
626300,296804
626315,296124
623120,278870
626064,297712
610917,283719
604803,223052
618700,252369
627004,298229
625977,297442
626105,298476
625987,297450
619849,240800
625792,298058
626256,296946
626105,297432
626116,298161
626008,297631
626023,297442
626146,297432
625987,297458
611684,287699
623316,296322
626153,297454
626135,298139
626011,298307
626003,297663
631055,216030
627291,225662
608678,267044
624928,302507
624362,299644
626166,297048
625968,297455
625985,297433
626007,297611
614541,238484
608687,267006
626041,297664
626542,295404
626036,297548
624390,282535
612006,287980
625980,297440
626154,297437
626653,296314
611153,221668
628501,300518
625987,297449
618031,292896
628366,301961
626013,297629
625780,297860
626154,298218
626151,298188
614566,238502
626011,297472
622433,257478
626160,297053
626017,297518
630653,217004
642255,277472
626156,297101
626660,296088
626595,295667
625984,297445
602882,250048
626041,297384
629732,214870
626028,297986
625985,297427
626238,296907
626147,298289
614821,237497
625948,297782
625903,297403
626007,297606
628677,276436
621817,268744
626051,297557
608703,267016
627700,309714
629403,289408
627678,298279
632341,292368
626028,297565
633228,300322
614594,238549
629568,300846
628921,276898
614510,238544
626113,297761
626015,297473
623320,296273
632385,220407
626104,298367
626190,297452
624336,304063
628823,269834
626179,297199
626140,298091
625981,297445
625979,297486
626129,297011
624270,304081
626011,297629
631695,311773
625984,297435
626277,295739
627028,298967
633258,300276
625777,298090
625982,297437
630941,215934
625809,297657
628666,276460
633283,300385
625985,297442
625977,297441
626044,297399
625881,297990
626009,297598
627039,298735
609319,266090
626437,297811
627698,309731
626151,298277
624931,302344
626000,297468
626028,297629
625967,297668
623777,287403
630955,216092
630958,298032
625988,297443
626031,297523
633578,274028
626008,297589
625595,305572
626023,297487
626413,298400
626175,299677
625989,297457
624886,298629
626036,297204
625989,298264
614199,264337
626769,296116
625984,297435
628918,276972
625753,297780
626679,296204
624075,304205
625979,297443
626460,298523
626597,309879
601493,249844
625453,291295
626010,297573
626468,298314
633106,300319
614493,238548
632867,280188
626023,297678
626037,297456
632865,280201
626042,297450
625980,297431
625987,297431
626182,297190
625982,297443
626021,297657
626046,297504
625270,293883
626169,298233
631186,296480
633141,300387
626006,297542
618677,288830
626025,297628
631255,229165
625984,297434
625984,297465
625978,297435
610645,281832
626072,297299
601623,249586
626130,295573
625875,297782
623991,304519
626470,298187
618033,292897
626599,298131
608672,266980
601694,249373
631301,296683
625981,297437
626065,297968
625991,297472
626000,297549
626596,296574
625989,297598
664851,257139
626160,297705
626660,296085
625983,297440
625981,297437
625972,297596
626370,297940
625983,297456
628990,276791
674154,265879
625977,297444
626075,297759
615099,236885
626864,297988
625975,297482
628730,275663
626135,298138
625986,297429
626004,297611
626014,297476
626167,297056
623319,296324
610739,281949
614506,238545
625773,298089
627764,295490
626193,298691
626122,297936
633119,300346
625968,297537
633253,300313
625827,297634
625738,297806
625953,297484
628446,283243
633239,300313
608668,267031
625986,297443
626203,297661
626775,298116
676234,241625
626168,297055
625988,297460
625820,297814
622739,213773
626453,296448
626012,299919
626000,297450
625982,297445
626060,297312
625959,297800
626013,297602
625771,297847
626116,298157
625984,297435
626018,297620
624163,298686
626007,297540
625815,297764
633088,300112
625974,298165
625977,297412
625981,297435
601445,249856
642262,277756
619807,240804
626594,296565
625946,297768
625980,297429
626151,297427
625990,297476
622380,257466
626090,297318
627050,298800
626060,297307
625983,297483
626017,297620
625994,297480
626459,297857
601380,249901
626010,297661
625915,297362
632284,228568
626137,298287
626168,295295
665178,256556
626150,297427
625990,297470
599402,248802
601604,249331
626100,298300
621065,301415
626040,297860
626003,297638
626309,296614
625977,297433
625603,298119
625984,297432
626180,297170
625981,297445
627709,309770
626194,298577
625991,297581
626002,297465
626028,297647
625981,297439
626060,297453
625958,297456
626027,297456
629761,301563
625997,297363
626383,298487
625989,300087
625986,297436
626208,298467
626164,297774
625818,297816
626184,297719
627624,298280
626080,295660
626075,297748
614572,238518
626090,297634
625971,297426
626145,297397
626340,296387
625798,297308
626251,296953
626146,298132
625983,297446
624405,299755
626282,298078
623111,278957
626045,297398
630968,298052
625997,297564
631240,301255
620945,298739
626673,297959
608706,267078
625951,297396
626288,298701
626151,297443
609172,274751
626038,297452
626148,297432
626133,293642
626020,297619
625906,297408
626041,297410
625967,297393
625919,297379
625999,297313
626451,295488
633021,300549
625778,298287
625983,297814
628386,301106
601615,249313
626030,237210
626133,298145
626189,298572
625987,299961
625778,298083
625998,297459
627224,299391
626068,297345
626019,297421
632350,212399
626144,298287
627700,309721
633076,300610
627993,285040
620176,296796
632938,300279
626143,298272
627065,298890
626048,295873
625973,297632
632883,300787
626102,297603
626459,296388
628918,276774
626034,297458
626026,297616
625966,297457
626184,297692
631421,290747
626031,297619
626551,297004
624266,304073
625989,297317
630872,216434
625978,297414
632339,292363
626058,297373
626537,296535
626157,297706
626049,297527
626526,295505
625998,297624
625926,297681
625979,297384
626048,297554
625143,286417
622627,247059
621349,299169
626148,297490
625980,297447
625989,297431
625990,297410
626040,299861
626025,297432
621246,288200
626044,297545
631551,301361
625747,297917
626141,298099
626031,297481
626010,297619
625981,297553
625976,297446
625861,297806
608654,267062
626438,298265
624267,304066
628840,276416
626176,298261
624304,302486
625920,297454
650066,254618
625907,297983
626009,297601
625984,297426
625886,298151
628805,275614
608678,267005
626751,297888
625985,297453
633242,300314
624290,218254
626984,297993
626188,297694
630292,300979
627202,295347
626155,298242
618682,288819
607452,260600
625977,297425
624847,217458
627702,309721
633214,300220
624260,304019
626037,297502
627885,301588
626597,296566
626149,297436
642151,277103
624288,218254
626071,297736
625985,297450
642195,277236
631299,296688
626153,297442
626149,297481
626000,297650
626088,297305
611977,276802
625980,297434
626073,297735
626034,297453
625982,297441
624277,304074
625972,297595
626998,290037
626147,298166
626216,296878
612944,290805
626589,296546
627042,298845
628362,301064
627324,225704
625976,297426
626129,297501
626146,298285
625825,297813
626080,297839
626052,297469
626075,297775
626383,298032
626027,297485
626106,297936
616885,272717
626031,297514
686550,275417
626035,297460
616641,243575
626055,297651
626032,297551
674181,265627
625990,297542
625977,297445
626147,297171
625952,297748
626005,297537
629594,300814
625931,297949
626147,297149
627707,309721
631712,272916
626097,298268
632775,293186
620190,296836
626200,297000
626149,297438
614518,238539
626238,296904
625983,297441
626019,297645
626077,297756
626115,297920
625979,297444
608686,267014
632972,300238
625786,298230
625994,297451
625980,297441
614661,238608
618642,288982
625849,297941
625987,297433
608632,283056
626038,297392
628347,276644
626964,297592
626306,297743
626387,296488
626154,297486
632471,236429
625981,297444
633178,300284
625886,298035
625978,297438
625983,297434
626144,298277
626131,296954
625978,297437
626134,297658
626086,297323
610405,281048
620000,290000
629158,301110
612957,290832
601687,249453
626043,297374
626077,297680
625982,297422
626141,298270
625983,297425
626014,297493
626819,297879
626438,295468
612024,288090
625950,297464
626002,297523
625934,298504
626428,296856
626010,297634
623962,287463
625978,297428
608833,266560
628661,276569
625985,297437
626286,296902
642265,277138
625979,297440
626145,297687
625968,297457
625985,297519
626161,297755
604400,222607
632983,300339
620856,299107
625981,297439
625999,297531
625904,297404
626275,295500
632656,301142
626183,297689
626145,298290
627752,309618
624371,298939
625979,297583
625924,297871
674615,261918
607530,268406
627649,298310
626038,297432
626696,300097
630882,216453
626041,297448
626106,298378
626035,297663
627961,275546
625777,298280
625811,298153
626010,297437
626040,297542
626259,296902
623648,298357
625698,298232
625999,297540
626121,298278
628722,283140
624830,217435
608667,267032
626074,297392
630989,216047
625978,297429
626002,297630
632389,220423
626116,298163
627149,298549
614579,238534
626050,297709
625979,298153
626359,296651
625987,297455
620719,296621
626117,297414
625778,298089
604607,222801
622464,261363
619861,240658
628908,269689
625959,297718
624269,304080
625876,297429
626005,297432
625999,297400
625759,304259
626019,300295
676229,241629
608831,230842
626060,297605
631052,216648
604520,222757
626472,295612
626128,297999
633102,300312
625778,298083
633101,300326
630093,299823
633107,300320
618639,288990
625979,297479
619279,278069
625996,297403
626013,297428
625982,297453
626220,297120
626000,297428
626011,297395
627701,309718
608690,267083
626246,298824
625978,297449
626037,297451
625858,297957
626182,297853
609072,266237
627002,289734
625986,297441
626288,296813
631300,301271
626009,297477
625979,297446
622742,213772
633117,300445
627956,275614
601546,249586
626190,297702
627034,298309
642153,277269
626057,297432
626145,298286
625981,297448
626165,297302
626088,297755
626190,297700
624888,277704
674174,266074
625981,297443
620958,301378
624363,299651
626147,298271
603189,249701
626014,297634
625909,297409
625912,297419
628725,275787
604391,222534
626051,297489
624269,302837
626113,297583
626004,297659
626151,298157
608627,255680
625974,297639
625997,297610
625988,297424
608670,266983
625983,297449
609133,266170
626159,298208
618023,292882
625999,297715
625996,297492
625979,297449
626000,297611
625943,297571
623959,304342
626204,298583
625978,297416
626161,297645
624328,304069
608678,267114
625987,297469
626034,297397
625981,297445
626217,298273
625945,297783
626026,297603
625981,297446
626019,297440
626883,299129
630942,215939
627633,298268
625987,297455
601653,249678
625990,297630
614514,238542
626184,297570
626017,297581
625994,297637
626195,298575
621346,299155
626290,297733
625976,297446
610648,280911
626129,298503
625941,297571
625975,297427
626181,297171
622356,257448
626181,297174
625812,297811
626152,297368
626069,297299
632969,293838
624852,217465
633103,300371
626028,297553
626208,296801
623008,271593
627900,309424
642257,277367
626124,297931
608634,267707
625977,297642
626014,297474
626876,297372
626141,297434
621045,299637
626560,296944
626001,297438
626262,298577
626135,297852
625982,297381
632784,293261
625778,298294
626024,297492
626177,297509
626199,296771
628167,235026
623792,300929
625997,297458
625774,298068
633239,300308
625968,297433
626013,297199
631618,297759
633198,300238
625986,297482
626099,297198
625958,297456
628370,300645
625983,297433
603164,249714
625971,297438
625690,298288
625806,293700
625971,297634
625936,297442
633150,300296
625317,293852
625881,298049
626059,296478
625813,298231
625983,297518
608925,266541
626144,298086
626173,297798
626736,298957
625991,297633
626174,297159
603868,256105
626182,297206
626279,296950
626038,297357
626149,297426
625999,297461
626076,297691
626019,297435
632967,300290
626151,297490
601610,249300
626112,298155
625973,297429
626702,297897
626095,298316
604384,222648
626028,297967
627675,309304
626440,298145
624268,304417
625781,297943
625959,297509
626298,294092
625737,297801
626267,294236
626080,298703
626002,298175
635113,262011
625904,297405
625982,297449
622752,213762
626006,297532
625983,297431
626165,298378
625834,297663
625944,297901
633591,274016
626149,298230
626961,296403
626032,297555
626011,297634
625967,297547
626009,297451
625982,297445
625901,297401
626071,297158
609068,266271
623120,278869
628907,275751
626368,298853
625801,297728
624266,304059
626288,297753
618977,278057
623557,287408
607013,261595
625909,297639
626024,297626
626720,309353
626143,298115
609603,268638
626032,297561
625957,297639
602503,249326
626269,297982
625945,297762
625768,298015
625980,297424
626152,297484
625994,297461
641380,282862
625995,297743
623109,264858
626194,296985
625925,297960
625995,297481
625980,297444
633129,300350
626655,296386
629454,301087
626657,296097
625980,297421
626256,298544
624261,304040
633219,300241
614958,237727
629473,301045
625996,297657
625908,297375
625960,297514
626110,297760
626028,297602
629347,301149
625776,297397
623061,295756
625985,297563
631190,216080
629279,231806
626183,297352
626034,297641
621168,299826
626033,297652
625970,297664
632912,223694
626186,297139
625996,297695
626146,298154
626195,296313
626289,296671
626148,297426
626405,298740
625993,297629
626073,297752
626002,297590
626022,297596
630211,276294
607525,261982
626000,297771
625985,297432
626012,237210
625752,298507
625979,297448
611755,287780
626261,296833
626459,297994
631422,290748
626030,297450
626014,297625
626143,297463
614981,237714
625969,297455
626986,296494
625990,297572
609469,257866
601351,249056
626306,296614
626150,298287
625873,297756
626011,297624
620100,290100
626025,297623
626030,297563
625777,298088
628415,299169
626032,297656
626262,296840
626009,297609
621900,269091
624274,304068
631303,296685
601600,249325
625854,297804
626016,297640
625980,297646
625977,297442
613545,292060
626110,297597
626006,297465
625894,297900
650068,254631
606302,235132
625980,297442
623296,265214
626009,299926
629395,267708
626200,298660
626026,297485
626009,297451
625999,297461
608677,267015
625842,297365
626144,298280
609077,266255
626198,297091
625974,297393
629522,276766
626366,293768
623694,287344
625993,297526
627512,298387
628816,277028
625981,297448
626918,297496
625982,297446
626023,297440
625996,297614
631055,290337
684215,274274
625760,297971
625869,298193
625923,297680
626593,296570
630947,298034
626013,297780
626031,297483
626166,296832
625806,297656
626457,297682
626341,296388
626029,297445
601677,249621
628868,276482
626013,297432
625980,297434
625795,297395
627894,228421
625842,218638
621059,288813
625925,297870
626040,297553
601772,249225
626203,298661
633170,300241
626115,298159
608682,267006
626300,294090
625981,297432
626187,298154
627861,228400
626015,297389
626146,298180
626285,296823
623173,278991
614520,238538
626013,297624
631287,296630
626015,297536
626033,297607
626128,297996
626096,297579
624567,304334
626057,297409
628363,301066
625776,297374
626029,297434
626075,297763
625983,297439
630948,298037
626172,294733
629343,301161
626133,297270
625994,297456
626267,298530
626187,297694
614977,237603
604456,222573
626128,297669
626040,297636
624780,217392
625892,297786
626175,297169
626047,297402
626036,297546
625959,297718
609063,266243
625971,297456
626144,298287
626063,297432
626171,297139
625979,297445
626008,297597
625982,297432
633239,300308
626037,297450
626146,297457
625981,297445
626062,297797
624510,304197
625808,297727
614533,238526
625984,297424
625915,297673
626043,297543
633206,300240
628872,301144
665579,258282
614948,294810
624852,295338
624268,304103
625981,297450
631042,216618
625978,297447
665369,257011
625992,297456
626177,297161
625908,297412
626190,297695
626135,297377
608673,266999
626194,296938
633329,300563
624887,277773
626041,297644
632391,301334
631120,259498
625947,297777
625988,297430
625884,298026
626020,297455
625091,295502
625063,212109
623111,278899
625979,297436
625986,297431
607258,264193
632949,300270
626190,297175
626037,297455
618035,292884
632476,236435
630890,298218
625985,297443
628397,276433
628773,275605
625996,297635
609064,266293
625990,297436
626021,297589
627560,294839
626552,296421
625986,297435
625941,297373
601601,249336
627187,298172
626099,297707
625982,297195
614485,238547
625804,298253
625985,297436
636745,300373
625893,297902
623836,304633
634248,304390
626001,297670
626521,296272
627706,294809
629279,231801
630882,216079
601381,249877
625981,297443
630917,298335
629327,267776
626409,298150
630987,298199
614978,237716
626025,297650
624880,302585
626018,297442
626013,297567
623323,296306
626037,297545
629082,298625
625985,297430
626180,297173
621383,299217
625977,297459
625844,297949
626591,296574
626005,297544
625999,297759
623930,287482
625999,297763
626148,298267
625976,297437
625850,298156
626287,296826
626117,297429
626009,297531
624754,290377
629093,276552
631044,216596
626161,297776
601606,249330
633054,300031
627734,295352
626142,298097
626023,297500
625946,297767
625979,297447
628383,301094
626244,297042
626237,297336
626030,297673
626030,297508
626038,297454
613992,293260
624330,303984
624662,302004
625479,298112
624321,230541
633121,300438
626156,298202
626070,297911
627014,296478
626021,297511
626148,297436
626451,295490
626004,297511
626129,297352
626150,297431
674146,265885
624512,304194
608712,267025
623712,288088
626167,297057
623986,216896
601560,249178
624643,302059
626003,298204
626129,298307
610644,280947
632905,280151
625980,297444
626632,310452
626148,298153
626144,298282
631521,266379
625999,297532
626376,298578
626660,296092
626092,297240
626022,297571
625945,297396
625977,297486
626150,297426
626153,298174
626580,296867
625763,297727
630941,296117
626125,298145
625986,297429
625975,297396
626030,297628
626383,298539
626000,297500
618861,298383
625998,297470
631014,297988
626882,299118
626103,297947
626068,297147
629304,249686
626002,297644
626024,297484
624268,304070
617999,293210
625992,297551
626476,293345
650084,254541
626012,297612
633204,300249
626033,297552
626426,297929
601612,249354
625992,297463
623141,295145
626139,298288
626129,297029
626271,295499
626019,300294
626014,297508
626039,297446
626204,298657
627708,309682
625975,297640
626591,296575
621534,300570
625980,297443
627692,309723
616359,295847
626271,296894
626004,297447
626111,297752
626169,297772
625992,297428
642206,277261
626574,296139
630902,298329
626202,296860
642273,277152
625993,297456
626018,297479
623120,278868
621485,289731
625989,297501
625301,293867
626150,297421
636746,300372
633216,300258
626118,297716
632918,300740
627698,309732
626077,298140
628395,276432
626185,297697
611977,276830
625985,297437
626144,297149
626134,298013
626025,297211
625969,297444
602085,246601
625998,297745
625901,298117
625992,297530
625980,297439
632765,293127
626076,297999
625974,297734
626190,297702
626009,297473
622767,270477
625999,297761
626169,297055
626051,297711
626065,297402
626004,297544
625988,297589
626004,297431
626183,297347
630652,217006
633105,300305
608675,267039
626012,297411
626010,297540
626225,296970
626022,297621
625986,297445
626035,297585
625983,297608
624097,298478
626146,298128
627175,299053
631050,216606
614482,238549
629357,267743
626060,297300
626530,296198
625980,297437
626008,299927
627539,298578
626014,297435
626018,297434
626277,298362
626210,296778
624270,304072
626103,297574
626147,297240
626049,297599
626169,297064
626492,297888
630961,298058
617085,246007
625994,297527
626150,298149
631303,296693
625986,297446
626681,296320
625980,297449
626184,297073
626029,297630
626011,297407
609186,274933
625902,297402
622888,275242
627935,294558
626102,298067
625678,295678
621237,299541
625899,297918
626165,297050
631461,215419
625914,297694
626001,297446
625809,297661
626170,297167
626167,297051
625983,297427
628872,276482
602953,249730
625896,297895
625806,297649
626188,297116
626889,297409
625872,303597
625942,297893
626032,297447
627535,300204
626181,297049
626029,297441
611242,288398
625988,297420
601642,249595
626149,298290
633212,300243
633100,300323
627890,228384
603193,249675
627214,290121
634260,304360
631424,290746
625999,297543
626154,298273
625990,298276
623925,295692
622405,257527
626262,298575
625929,297681
626036,297456
625954,298139
609131,266174
625978,297429
625999,297543
624363,299648
625984,297436
627003,295912
629026,275423
608900,263300
625993,297706
625788,297873
626039,297543
625991,297264
626386,296966
625539,291385
626014,297427
626000,298314
625991,297524
609169,261770
626012,297634
626039,297383
625966,297457
626131,300123
626138,298045
624651,283106
625981,298273
625985,297430
628926,276778
626251,297098
626141,298133
625989,297388
621469,261226
603182,249650
619950,240612
631043,216613
625976,297446
625979,297447
626123,297727
626164,297064
626010,297543
626246,296886
625988,297445
625958,297563
633233,300301
626083,297838
627010,296475
626077,297668
674156,265934
625965,297945
626176,297170
625802,297656
633030,300778
622439,257500
622928,277533
623045,278548
626107,297755
625517,300105
625898,298582
642284,277332
620545,299023
631827,220208
626063,297165
626029,297000
626171,297751
625992,297426
601729,249470
624392,304092
630989,298189
626613,296352
626158,297791
626165,297757
626252,298599
626038,297462
626031,297656
626045,297590
626115,297754
622724,213733
626067,297420
626009,297444
633233,300320
621247,288204
632965,300234
623725,300701
626318,296629
623113,295859
627959,275546
625980,297444
625997,297604
626167,297108
625918,297694
626574,296671
626192,298575
625815,298048
626176,296987
628141,235059
625905,300006
626012,297436
626089,297844
626164,298664
626007,297600
626150,297435
601611,249321
627026,298674
626152,297474
626053,297657
625864,298019
629813,302040
626005,297547
626052,297418
626009,297542
625985,297411
626590,296542
601874,249257
687523,276596
625980,297444
626603,296541
625301,293876
626028,297624
626025,297606
601991,249325
626150,297443
621625,256811
623013,271608
607349,247815
625990,297627
599247,248736
629421,301110
623967,304301
614571,238517
605371,222064
625976,297426
628196,282620
614607,238576
626467,298194
614589,238541
626140,298065
626022,297440
625985,297419
628667,276435
626018,297832
625924,297511
626008,297575
626307,296626
625997,297489
632980,300291
626027,297487
629192,301115
626325,296826
625928,297677
631859,300972
626044,297396
614499,238547
626030,297616
625963,297451
626082,297177
626173,297164
604445,222542
626011,297405
627671,298264
626012,297462
625981,297445
608677,266998
626000,297466
626477,297840
623902,286350
625778,298079
623504,294463
674157,264736
626180,297165
626035,297475
623143,278771
610474,281937
626181,297179
626151,297439
621234,299882
626143,298232
627626,298281
625983,297425
626182,297061
626189,296937
631613,238252
626033,297547
626018,297518
641961,277513
626181,297164
625981,297439
603959,256538
626027,297561
626147,297470
626035,297374
629421,276677
668272,262091
625805,297389
625929,297931
601206,249051
626428,296660
625880,298075
625966,297716
609065,266236
626082,297669
628439,300582
625762,297928
625977,297579
625857,298220
626091,297633
626011,297386
634260,304362
626054,297406
624298,299306
626095,297377
625980,297453
626190,297706
632241,300078
626148,298299
625774,298124
626040,297454
626140,298277
625977,297447
626017,297594
626301,296899
620960,301387
604590,262272
626014,297434
626959,297579
626158,298286
626178,297204
603661,220942
626030,297984
624266,304074
634261,304365
601641,249169
625770,297868
614544,238485
625775,298096
626035,297551
626149,298288
625890,297888
626271,262956
632996,293910
629336,232065
626096,297630
626021,297646
632338,292388
626690,296505
626211,298507
626038,297454
625942,298482
626154,297431
625983,297437
626470,298306
625608,298400
625980,297445
626004,297395
625984,297442
674185,266114
625979,297231
626089,297384
614496,238547
625979,297456
626007,297572
627197,298124
626527,295544
626200,298481
626100,298254
608707,267036
625954,297694
626202,298658
632932,300319
626141,298077
626100,297908
626147,297433
604388,222636
603963,256583
626109,297596
627697,309754
629080,302300
626075,298042
625987,297594
626145,298146
626160,298657
625931,297812
632473,292653
626135,300136
626003,297540
633173,300366
625955,297930
625978,297420
625985,297448
626044,297396
626065,297291
628920,276856
626600,296560
628406,299186
625992,297456
626005,297540
625807,297648
631408,228297
626149,298277
625135,296490
605320,222149
625977,297448
624395,217076
626155,297163
623502,297391
627160,298562
626014,297622
625996,297313
628677,276436
626124,297348
620966,298751
608679,267030
625948,297521
628675,276437
625982,297438
625981,297452
626028,297427
625982,297437
626043,297285
626011,297475
630938,298078
627296,287780
626026,297999
625981,297434
626139,297867
625738,297801
628911,269677
633087,300113
625982,297439
633236,300307
625993,297429
625847,297968
626046,297377
625947,297472
602817,250925
630941,298069
626201,224040
626012,297553
625807,297652
625930,297500
627699,309728
629731,214867
625955,298095
625941,297441
627701,309713
604315,221413
628720,283320
626002,297434
624268,304073
626162,297805
627429,301544
626151,298160
626037,297453
626365,297543
626120,297968
627924,275585
626043,297562
625985,297440
625776,298087
622576,262824
629658,267587
625982,297426
625890,297912
626539,296017
626073,297760
626010,297623
665580,258280
608671,266990
625977,297579
625986,297440
625962,297505
626148,297478
626034,297469
629260,231828
625995,297697
626336,296784
626181,297170
626184,297170
625996,297594
622319,257371
641381,282814
608679,267001
608668,267047
632273,212256
631367,300035
626004,297463
625996,298330
629302,249686
614492,238548
603863,221116
626025,297491
620722,296625
626651,296324
626049,297552
626011,297664
632973,300346
626008,297463
626123,297540
625982,297433
625736,297781
608723,267111
626002,297531
625886,297894
628684,276425
608196,255173
626040,297610
627933,294560
628176,301154
625963,297310
623310,265170
620000,290000
625979,297440
626018,297452
625980,297447
626044,297524
626067,297663
634694,263094
626036,297499
626154,298249
625889,297890
674942,260836
626175,297172
626036,297552
614504,238546
626222,297311
626005,297544
625773,298084
629215,302436
630947,216181
604218,221652
626021,237219
625808,297646
621504,298833
601680,250399
627700,309725
610825,283261
626397,298216
612445,253382
625978,297451
626031,297417
626061,297522
626023,297581
620950,301366
626183,297698
627431,295994
624261,304025
601546,249586
626147,298285
626014,297604
626618,296412
615012,238073
633237,300312
632988,300626
628916,276968
625912,297387
633112,300318
627626,298281
625812,295869
633356,300396
626009,297404
625982,297606
601548,247548
626316,296824
626076,297802
625918,297376
626374,296629
674174,266159
608657,267055
625987,297444
626016,297525
626003,297192
626003,297538
626051,297389
620722,296619
604534,222820
625910,297926
626000,297523
626276,296976
623931,287482
668847,261837
626030,297535
626480,298002
626165,297047
625961,297402
626679,296206
626028,297840
626317,296627
633213,300264
626410,298674
606968,268396
626025,297409
622616,247064
624261,304022
626168,297770
626135,295224
614588,238472
617716,275889
633212,300237
626019,297604
625997,297601
626084,297842
625982,297448
610477,281942
626145,298126
624156,304398
628674,283487
625976,297429
627945,309587
614491,238548
604458,222564
626020,297590
626029,297630
625768,298100
627853,228308
625982,297441
626031,297439
632974,300241
630948,298035
630942,296116
629733,214873
626696,296380
626014,297616
623670,287365
626013,297430
626054,297680
625969,297500
676181,242435
626170,297722
608686,267028
626029,297500
623984,295741
626001,297528
626286,296816
632338,292383
626774,298956
624660,302003
626011,297437
626146,298287
609626,257232
625921,297802
626149,297427
625944,297410
609894,256424
626575,296138
625981,297434
610006,244751
626006,297438
627705,309716
630539,301102
628889,276913
626072,292628
603956,256592
626021,297440
614491,238548
626062,297288
630976,298132
625993,297558
636745,300374
624159,298684
625966,297389
625949,297416
626166,297061
628678,276439
624775,278104
625785,297683
608684,267014
625958,297670
626037,297458
626176,297179
604332,222228
626288,294121
626013,299920
626206,298469
629138,281633
632591,280411
626013,297435
626191,297638
629251,301514
625866,270531
625954,297516
625988,297436
630951,298035
625991,297449
606420,225504
630974,298120
625980,297435
626130,297999
626129,296955
626155,298283
625972,297602
626148,298273
625997,297401
607521,261976
626166,297035
630944,215938
626036,297371
625977,297441
614486,238547
626096,295600
625980,297417
624401,298903
626039,297242
626589,296662
625998,297673
625077,298206
610546,283618
626172,297781
625986,297525
625966,297628
626148,297434
626016,297603
626011,297434
626579,296141
626576,296526
628107,301574
618827,252888
623317,296314
626329,296810
615096,295042
626130,297412
625493,294417
626019,297621
609074,266261
625978,297219
629279,231809
626050,297367
614484,238547
642154,277269
628072,301424
626147,298141
614285,293655
626010,297615
625953,297487
626092,297635
626010,297435
631324,301284
601675,249232
625980,297445
626170,297765
626010,297598
629358,301145
633104,300305
625979,297223
626156,298297
626143,298278
643122,278189
625986,297455
626140,297204
625981,297539
626002,297544
626466,296765
629357,301143
626092,297208
604590,222896
625981,297445
626163,297056
622435,247088
625983,297445
626597,296463
625984,297433
604124,221276
626182,297706
626158,298194
604483,222653
626451,295500
626055,297401
625979,297441
632337,292377
626025,297382
614683,235298
626036,297513
625986,297423
625953,297388
626873,297990
628709,275784
628474,299159
624262,304018
625952,297418
628918,276962
626014,297615
626028,297626
626029,297619
642247,277716
626013,297433
626602,296604
627699,309717
626013,297431
609150,266391
626129,297727
614357,294201
626185,297083
619903,240662
626126,297336
625876,298006
631429,230012
630956,216682
630212,276295
629537,267458
601613,249340
626587,296739
626031,297635
626489,295574
633104,300308
626067,297155
624267,304017
626183,297685
625981,300875
633164,300257
625987,297654
625997,297547
630705,216586
625947,297684
628279,300635
632881,280197
624190,302927
626029,297626
626051,297386
626065,297290
626201,298653
629279,231806
605437,222408
627700,309725
626173,297704
626011,297608
633238,300308
633254,300239
626010,297522
601670,249220
626419,298428
626153,298275
627925,309546
608688,267035
626023,297236
618684,288854
624787,213358
626039,297411
626143,297408
620400,290500
631122,259500
625976,297440
626168,295560
626020,297436
627644,298478
626165,297025
624269,304071
626395,298090
625951,297376
625998,297656
626115,298159
626200,298600
625985,297439
625983,297434
626192,297004
625843,297954
626670,219831
626008,298400
627011,296480
624293,304234
626143,298281
626154,297128
628444,300572
625980,297440
626194,297151
626209,296840
625991,297363
625954,297596
626134,297718
626022,297621
625911,297418
626156,296711
626147,298276
627405,300401
625988,297430
608678,267021
624234,303131
626009,297623
630953,216019
626014,297463
603104,249686
626000,297448
630990,216051
626033,297377
626032,297539
625971,297626
625981,297437
608698,267024
625522,297886
625994,297459
625986,297440
626014,297475
632303,228577
622343,257642
626257,298198
633197,300215
625991,297422
633198,300235
604417,222582
630144,216443
678133,247962
625793,297663
626902,297441
622946,296647
629279,231808
626193,296834
621902,269091
626029,297456
603934,256379
609123,275661
601601,249336
625998,297621
626186,297703
626001,297519
626037,297636
625967,297539
626869,297012
625781,297855
626129,298300
614904,217900
626006,297431
625991,297430
633187,300247
625984,297432
626003,297657
625995,297616
624922,304370
678910,239830
609068,266213
627724,309742
625970,297632
625985,297436
625980,297587
625980,297434
626182,297157
633218,300298
626034,297248
626593,296556
614497,238547
619862,240665
625807,297647
625978,297443
625980,297444
626183,297071
626185,297716
626185,297060
633136,300297
626145,298277
620952,301381
626283,298073
626051,297555
626194,296935
626401,298091
625975,297457
626489,298113
626473,295424
626014,297537
626014,297618
634236,304578
625802,297653
626325,296608
625979,297442
625821,298686
625986,297435
626335,296215
601634,249078
633102,300311
626016,297521
625887,298135
625798,298069
625979,297455
614500,238546
626029,297512
628817,275633
627510,298386
625987,297568
625987,297436
626031,297607
631618,238213
625978,297224
624267,304073
625986,297521
626197,296963
664922,256948
625905,300006
629275,312769
628852,277140
626145,298162
625986,297439
626039,297570
626154,298228
626003,297675
625998,297656
626309,299692
626000,297432
625605,298939
601640,249434
625878,297906
626156,298194
625988,297457
626190,297702
624362,299643
626010,297466
626027,297453
626316,296636
626146,297467
625965,297454
626601,296579
627083,298385
626130,297112
625984,297737
627707,309774
624260,304023
627809,309635
626186,297693
625987,297436
601553,249510
626194,298148
626147,298253
625946,297775
623316,296321
625975,297554
626203,297661
626391,298687
633253,300241
625968,297631
626151,297418
626168,297753
625990,297590
626150,298274
625887,301276
626013,297434
626024,297495
626041,297448
626126,297344
626299,299696
626150,297447
625977,297429
625780,298070
624161,217062
626143,297398
625978,297415
633241,300317
626051,295714
625947,297411
633345,302474
625983,297417
603948,256254
625902,297747
622731,213863
625998,298205
625983,297432
609498,270991
627708,309683
603117,249708
626145,298282
601392,249895
626483,295880
633236,300314
606305,235130
625969,297692
631051,215805
628524,293667
624216,299019
625922,297373
626004,297654
626078,297614
625985,297650
625997,297743
626040,297576
626673,296547
627698,309729
625957,297457
626014,297644
621425,300441
625978,297438
626236,297750
608689,266999
626074,297343
664867,256914
626137,297379
625964,297481
626044,297396
619287,298398
633110,300320
626001,297601
627677,298273
625943,297922
626137,297217
626148,297428
626582,295571
625984,297424
624856,217458
610995,283866
625985,297438
608670,267038
620960,301381
607013,261593
626283,296669
626398,298206
625980,297433
628678,276437
619816,241377
627695,309741
625994,297709
625795,297712
627536,309964
625825,297638
626046,297553
625777,298084
603953,256485
608678,267039
633214,300258
626147,298367
629093,276552
625995,297426
627067,298889
604775,223033
624119,304120
642197,277241
617075,274119
614485,238546
615032,238933
625960,297705
626316,298838
625992,297595
604407,222563
626287,297752
626896,297922
626002,297607
627702,309710
608708,267038
626031,297447
626147,297247
626200,297500
627010,296478
626445,295537
633042,300618
628330,300095
626876,296288
621476,289745
625986,297428
621899,269086
626065,297962
611931,261518
630940,296119
625991,297527
626027,297626
625980,297451
626249,296940
626029,297616
626032,297454
625981,297583
607607,260687
632952,300271
626908,298094
625829,297040
625984,297854
626023,297234
628149,235048
626036,297550
628270,282772
601451,249118
626114,297967
612500,253644
626048,297404
626208,297131
625947,297680
625878,297881
628452,301111
626021,297481
626072,297705
626092,297593
625987,297430
626035,297212
626065,297663
625979,297440
633085,300127
608671,266993
625657,295623
604505,222717
625982,297447
626026,298105
626029,297548
626000,297458
626066,297723
625993,297544
627287,225674
601769,249229
625977,297442
626003,297595
625981,297445
626011,297464
625997,297364
633061,300446
614536,238484
626054,297405
625911,297465
625152,295428
626147,297213
626444,298244
626012,297827
626002,297527
626093,298186
626008,297595
614517,238540
626065,297289
632867,294816
624270,304042
625915,297423
626671,293551
622123,246970
624152,298683
625995,297633
626014,297596
625984,297432
609460,258704
604649,222874
626002,297541
627194,298167
629526,267558
625972,297452
628150,235049
618977,278053
625983,297432
626238,296905
625987,297436
626030,297389
626477,296979
626043,297443
626171,297157
626183,297086
625994,297450
626184,297070
626166,297057
626042,297537
626028,297627
601603,249328
626001,297536
626403,298094
612773,290011
626207,298377
626433,295408
626179,297180
633235,300314
623307,265184
626025,297429
625990,297453
625840,297331
626158,297009
631030,297918
626018,297435
626028,297602
626759,298052
622323,257348
626021,297918
633230,300105
601676,249506
626032,297381
626046,297550
603174,249673
626098,297920
628948,276698
626166,297759
625976,297576
626347,298886
626528,296219
627624,298280
626148,297430
625979,297488
626049,297552
626360,296647
601583,249495
626021,297582
626320,298651
626038,297585
625982,297443
626039,297636
625994,297457
626210,298392
626093,297629
625999,297766
626041,297421
625978,297249
688162,273244
626141,297421
626130,296950
627203,298278
625962,297472
625994,297579
633205,300203
625844,297753
627246,298675
632992,300685
616644,296278
623861,287374
628694,283414
626145,297354
626200,297500
633192,300195
608665,267043
626036,297454
624153,298682
625971,297455
632864,294811
626183,297072
625984,297436
625970,297445
626535,298329
626153,298315
633201,300205
626250,296945
622738,213771
625980,297479
625808,297709
612449,260504
626017,297502
628287,300626
626960,297578
626008,297468
626406,296938
625931,297812
624273,304086
625967,297458
626029,297617
625798,297308
626030,297495
624266,304053
626180,297353
626174,297781
626882,299112
625981,297457
603563,250357
633216,300254
626146,297406
625900,297400
629347,298219
626053,297403
626024,297495
626647,296235
626190,295617
601675,249507
626056,297686
625977,297442
625989,297509
626026,297645
626029,297619
628940,276616
609166,266148
632995,300686
601542,249434
630919,298334
626012,297743
626193,297676
625769,297760
625981,297584
626045,297612
619834,240773
626059,297328
625982,297444
626066,297254
626122,297131
632985,300335
625979,297435
608670,267026
627015,297822
604169,231762
627697,309734
622019,300882
626386,295224
664878,256886
626096,297315
626077,297770
626059,297607
620948,301372
626964,297582
601608,249319
626973,295831
626470,298272
626048,298557
626578,296126
626004,297538
626033,297374
626146,298285
623302,298536
626056,297637
626087,297850
624878,217465
626219,298687
609087,266321
626393,298642
642160,277146
626152,297805
625986,297612
601441,249946
633080,300428
625977,297389
622266,301011
620450,298980
630983,298204
628202,300987
625746,297796
630653,217003
626089,294822
625981,297441
611652,286759
601381,249903
628690,300698
626154,298266
625981,297445
625981,297445
627162,298595
608686,267088
626661,296107
626888,297910
628665,300843
625966,297493
626014,297618
627700,309719
626729,296372
609098,266205
629088,276565
626293,297741
626616,291530
624267,304076
629345,301150
624341,299056
625967,297458
609074,266270
626030,297621
626416,293827
626011,297616
625983,297431
626874,296287
625815,297376
625969,297499
628713,275799
629425,301112
626015,297591
626003,297462
626020,297567
630887,298343
625995,297658
614689,238635
625979,297434
625979,297443
618757,299198
625984,297434
614136,293365
625993,297457
642155,277106
606294,235096
629091,276518
633305,300355
626028,297438
625980,297443
626586,296543
625981,297433
625999,297529
625983,297445
626028,297423
606415,225507
626168,297057
626196,296943
626176,297163
626012,297626
626361,297015
627757,298468
625996,297649
625940,297475
626028,297567
625802,297653
601680,249417
625183,296992
624469,304145
625993,297458
625983,297437
626176,295526
625965,297518
625980,297435
625975,297424
625935,297911
626149,297433
626482,295876
626035,297421
624279,304102
625983,297449
610203,269626
626147,297425
626152,297422
610397,281449
625990,297448
626053,297397
626009,297614
626128,297199
626190,297676
626148,298227
626020,297538
628605,284166
626001,297612
626286,296827
626147,300060
626014,297615
626223,297809
626143,298281
626398,298339
624385,282526
625995,297740
622969,264465
614561,238501
628071,301396
625983,297439
625928,297677
626014,297569
626036,297658
675994,242996
624270,304070
632341,292378
623577,287384
625985,297439
631115,298087
624900,291338
626125,300041
633063,300053
626028,297449
601619,249331
629418,301113
628240,276023
665445,258475
626000,297400
626270,297789
626162,297760
626028,297627
625984,297431
608699,267005
604642,222896
626308,299698
625981,297447
626015,297427
623636,287479
625807,297660
625990,297446
629374,286963
624968,277783
627700,309724
626576,296134
623134,278831
614685,235301
626168,295278
625981,297440
625999,297602
626139,298342
625999,297522
630442,299189
625987,297453
626108,297598
625982,297436
628814,276326
626008,297469
628922,276733
626134,297375
627703,309714
625986,297440
626189,298751
625980,297436
626002,297649
625797,297308
626148,298203
610642,281837
625944,297573
625145,286435
625906,298056
628002,285036
625971,297635
626106,297612
626001,297430
625985,297447
626024,297494
625985,297442
633256,300278
626004,297591
624292,218259
626148,297450
632354,292385
626200,298654
626049,295872
625977,297416
626336,296677
626034,297550
625991,297677
631613,238239
623962,287452
622152,257213
608701,267039
627700,309740
626325,296605
625983,297445
625980,297410
625952,297534
626077,297722
626029,297430
633246,300322
626190,297679
625988,297440
604782,223081
626128,297857
625777,298079
626081,297838
626037,297547
626006,297682
628447,300559
624373,286413
625999,297357
626033,297556
626111,298848
625983,297436
601306,252220
626013,297435
626175,297782
626154,297192
626997,295662
601687,249428
626080,297651
626019,297442
626337,293974
625855,297887
626164,297169
625984,297448
626030,297617
625491,240720
625978,297445
625977,297725
619947,240624
626004,297541
632975,300256
614601,238463
614557,238496
625978,297431
626010,297652
601588,249493
609246,266074
626163,297597
608670,267044
626003,297540
614607,238576
626046,297710
625984,297446
623728,287394
626160,297289
610608,278068
625850,297941
627567,287031
626013,297432
626047,297396
627705,309714
626149,297429
632942,300274
626202,298651
611806,227507
625981,297441
608700,267011
626115,297254
626043,297390
625950,297473
626157,298269
623611,287774
626038,297394
626150,297430
608679,267036
625986,297426
626013,297622
626053,297354
623445,266914
631045,216605
631311,296692
650063,254636
626455,295498
625833,298039
625808,297653
626013,297431
626766,295135
624358,304058
626060,297318
626047,297505
626062,297568
625987,297458
626403,297832
626006,297414
626048,298221
632989,300321
626810,295069
625911,297465
626290,297735
625981,297441
626039,297447
626876,297358
614558,238494
628475,275299
626113,297601
628924,276794
627405,300393
626022,297462
625873,298640
626189,298136
622899,271015
626182,297087
628813,277137
627219,287969
626896,297921
625984,297416
625981,297271
626038,297466
626010,297652
626038,297501
632854,300819
629124,233728
626810,295094
625919,297375
608668,267035
626006,297432
625777,298082
626001,297614
626051,297501
626148,297440
608678,267027
625781,298076
625978,297433
626145,298284
626078,297626
626227,297004
613183,291068
626299,297800
626042,298041
625981,297433
625809,297661
626502,298156
631041,216616
621913,269214
630749,217236
627168,298948
626042,297445
625981,297432
626083,297585
626174,297770
608709,267056
614951,294802
626346,310151
626164,297349
634262,304367
630471,255304
633312,300348
626037,297451
626150,295029
626301,294080
626175,295554
626103,298049
626174,297762
626309,296836
626018,297599
626007,297410
626264,310802
617361,247841
633566,274035
626092,297632
633204,300242
625982,297437
626059,297672
626175,297757
626235,296908
625991,297416
630331,238768
608709,266997
633221,300317
602127,249098
626015,297509
626009,297627
626160,297059
626183,297680
627103,216076
624139,298683
625963,297886
626030,297614
623904,295666
626169,297068
626105,298153
625988,297592
626600,296568
621640,292117
626190,297176
626082,295653
603942,221147
626071,297551
626185,297699
628677,276434
603929,256553
626146,298282
633008,300652
626148,298229
642253,277735
608250,267880
622456,257580
633195,300223
626023,297436
627702,309720
626028,297378
625986,297431
625809,297651
623133,278810
624277,304068
626195,297087
620700,290600
626012,297435
627705,309716
626156,297413
601744,249429
610711,281909
624277,304071
626172,298305
627636,298272
601344,252329
608793,266572
627011,296480
615092,217740
625799,297657
626469,298183
626275,298486
626014,297547
626153,297436
626140,298278
626171,297767
626004,297518
626017,297605
626013,297433
626305,296836
626592,296560
626011,298434
626032,297626
618893,297901
627812,299402
626184,297070
604009,221187
626174,297174
601673,249220
626111,298246
626172,297164
625977,297422
625981,297440
624270,304070
619363,257218
626169,297772
697827,270095
621513,299853
603916,256592
609074,266224
625983,297439
626113,297881
630940,296121
623132,278833
625871,298188
614594,238552
626403,298757
625980,297441
626144,298273
626451,295498
625893,298590
623932,297249
625985,297432
626001,297553
668821,261830
626181,297432
626077,297159
626129,297727
626173,296978
642191,277288
625991,297416
626132,296949
625991,298437
626499,295418
626024,297483
664853,257141
624763,278166
601554,249506
624436,217077
626147,298268
605599,223986
614518,238539
625731,297973
626145,298281
625912,297383
626015,297431
608700,267018
626018,297576
626572,296666
626150,297433
626153,297480
625986,297434
634263,304366
626116,297915
625927,297832
626002,298193
625919,297418
626151,297438
626301,298178
626019,297480
625983,297449
625940,297675
624267,304075
609068,266279
620014,255145
626021,297586
632339,292374
630839,216221
626043,297421
626448,298116
629617,278559
614380,294242
626036,297504
608706,267050
626028,297627
626197,297742
624258,218589
625909,298132
626229,296937
626028,297626
625614,275699
625787,298128
625809,297655
626040,297630
626025,297645
626028,297432
616561,242493
626039,297540
626055,297674
627215,290114
626205,294757
625855,297938
626179,297172
624738,290294
630932,298085
625979,297453
626291,297775
625988,297521
626142,298291
627486,298160
628002,285032
626038,297456
621699,292100
625980,297476
625976,297428
626023,297637
626000,297410
626181,298735
626101,298453
633042,300618
632297,228558
625724,297922
604403,222600
615005,217742
626137,297213
626180,297721
625983,297431
626159,297048
626577,297854
625981,297447
624586,299041
629172,302495
626027,297432
625989,297453
614665,235101
625983,297438
628931,276782
626169,297785
626008,297438
627710,309768
628560,300484
625966,297493
625983,297432
626125,297349
630751,301311
625907,297408
630942,298090
624137,298683
626620,296409
624964,304448
624262,304024
626037,297464
626110,297596
608707,267043
626069,297490
626036,297533
629042,276845
626461,298537
625600,297500
625742,297296
626007,297573
626149,297431
626014,297628
626164,297052
626693,296282
626145,297411
626071,297702
625993,297476
606887,268083
627700,309719
626128,298301
626042,297295
614498,238568
626139,298096
614555,238495
630736,258641
610477,281947
627014,297822
625776,298146
626409,298720
626827,219725
621921,269199
626134,297411
628183,300904
622738,213786
665442,258490
625980,297443
626028,297616
626014,297434
625999,297456
626050,297404
625986,297457
626010,297610
614612,238456
632143,301405
626029,297502
604609,222785
625990,297707
626062,297679
624765,304334
625983,297435
629073,276489
626338,296838
626133,298303
626148,297422
626196,297710
626076,297805
626144,298282
626117,297178
626010,297184
626166,297059
626195,298581
627547,216464
623009,296172
626186,297685
626118,297632
625921,300143
625986,297441
625874,297809
625835,299990
626012,297436
614564,238502
626045,297396
614531,238483
625994,297573
608678,267013
626448,295648
625980,297421
626027,297424
625807,297676
626031,297614
625981,297448
625997,297415
626080,297704
603188,249668
625986,297447
626026,297481
630945,298034
626152,298280
626034,297560
626360,296648
625989,297428
633100,300325
625988,297594
626033,297562
626139,298294
626038,297982
614570,238515
626173,297776
601606,249325
599667,248896
617058,273997
628106,300007
633101,300312
625976,297444
624506,299604
628885,290461
626014,297429
626159,297514
626037,297455
626008,297597
626029,297427
626080,297247
626129,297670
625985,297434
614523,238536
626073,297735
624234,303128
626009,297513
642166,277100
629395,303192
606903,268392
627959,285162
618706,288759
626159,298263
625968,297438
626028,297658
626389,293877
626071,297463
626051,297386
608681,267037
626104,297199
625978,297445
625994,297450
626283,310926
625961,297710
626362,296645
626012,298381
608682,267111
623922,295689
625885,298141
625985,297432
611224,288453
626589,296559
642153,277275
624321,304079
624605,295483
625980,297443
626342,298626
626138,298057
601681,249591
626002,297672
625983,297437
626009,297432
614494,238547
630958,216022
625980,297445
622247,278876
614603,238568
626013,297425
626094,297877
626013,297434
608700,267008
630882,216451
626989,297799
625991,297741
625920,297454
614654,238432
626008,297609
625932,297369
626046,297375
626011,297435
628512,301091
626214,298517
626029,297443
626595,296567
626490,296876
625996,297526
626008,298347
626141,297393
626000,297547
601536,247736
625968,297907
626108,297416
626130,297854
625419,293675
626472,298257
625782,297859
626058,297337
626000,297420
625933,297326
626005,297768
625968,297626
628673,276441
625980,297585
625977,297443
633244,300322
642154,277271
625994,297640
626163,296704
628836,276169
625979,297443
626001,297609
625936,297564
626169,296839
614490,238548
626186,297162
642275,277137
626162,299502
626446,298194
626029,297983
632336,292388
626141,298275
626458,295491
628590,298549
626011,298365
624819,304341
625986,297430
626017,297619
608668,267028
614493,238548
626284,296820
641430,282350
625945,297778
627012,296479
641483,282339
625988,297451
625981,297443
625322,296681
628068,301393
606911,268390
608685,267011
630985,298175
627677,298531
626048,297527
626175,297469
608673,266988
633183,300242
626033,297611
626035,297564
608678,267018
626010,297433
626184,297690
621358,299331
625983,297447
626053,297510
626057,298276
626015,297617
632972,300267
626210,294696
633209,300237
621246,288202
626148,298131
626153,298266
608685,267013
625985,297440
626577,296120
628194,282631
632952,300242
626172,297292
626024,297399
626105,297985
625981,297430
626043,297432
629463,276697
626051,297498
626323,298188
626003,298039
626035,297651
623045,278549
626352,296468
625997,297655
625966,297456
626429,301025
628866,276827
626145,298290
625983,297438
626184,297690
624390,282532
626164,297073
626006,297617
632963,300237
633248,300350
626148,298169
604470,222643
621386,299222
626597,296573
629692,300692
601702,249414
601826,249405
626028,297561
604589,262266
625951,297694
626039,297444
614549,238505
625980,297446
625919,297373
626151,297439
626148,297148
633342,300361
602266,247990
629220,301116
626669,296331
629019,277358
626598,296572
626186,297699
626024,297382
625992,297428
625991,297464
626150,297624
626175,297198
626118,298258
626028,297740
626078,297813
626517,295453
624413,298910
625982,297439
625983,297438
632988,300686
626173,297888
626028,297986
608662,267049
609414,266184
631378,301308
626150,297486
615461,295154
626092,298148
625719,297106
604480,222695
626144,298284
625974,298186
625960,297485
626442,297837
624343,304054
625987,297432
625979,297434
626018,297437
626023,297622
608692,267002
630837,216590
622400,257509
601611,249580
626019,297556
626013,297435
625985,297449
628033,301226
625223,299352
626146,298265
626692,296304
626136,297417
634251,304480
626017,297603
630956,216686
632980,300293
626014,297433
632949,300242
626208,296984
626019,297475
623014,271661
623935,295769
625777,297721
625914,297422
626027,297542
626785,297929
625842,218634
626113,297432
625829,298134
625948,296417
626186,297085
608824,267874
625927,297368
626010,297457
631064,216676
625810,297954
625986,297428
625993,297742
625783,298198
607526,261975
604022,221197
614569,238484
626005,298309
625735,297806
626060,297927
626033,297389
625991,297430
625985,297588
626149,297427
626044,297396
626154,297444
626034,297433
625986,297449
629364,279346
625988,297451
626034,297376
625828,297826
626170,298304
626261,298188
626909,298881
626034,297376
628938,276767
626341,296461
626099,297922
624160,298692
626153,298280
625947,297455
625813,297807
623114,278900
626007,297624
626023,297445
630748,298294
626039,297454
626075,298050
626016,297637
626620,296351
626014,297433
625813,297803
626130,297061
626151,298274
625956,297448
624924,304376
627699,309737
633218,300264
625828,297764
626014,297638
626168,298376
626120,298157
615083,238211
620444,298985
627938,294558
626143,298291
626144,298275
633103,300309
628510,293689
628158,235034
626077,297814
626251,296943
620817,299464
632294,228596
626029,298241
623028,278610
627646,298478
625985,297587
626176,297179
625999,297395
626063,297486
611693,287710
626297,294095
626186,297701
626042,297444
614549,238487
626007,297611
626194,296941
609131,275705
625979,297448
625989,297640
630439,301254
625970,297449
625997,297556
622738,213767
601695,249371
625875,303705
626047,297220
601784,248068
626014,297510
625953,297599
614598,238564
626033,297444
625088,295506
626148,297431
625984,297432
628918,276966
626030,297435
604443,222535
627700,309720
642310,277183
626155,298175
633191,300249
632273,220416
601775,249208
618614,287274
625988,297433
626141,297083
626042,297469
625890,297936
625981,297441
626046,297526
628982,276797
625674,297890
632077,301396
626143,298287
626215,298159
625145,286431
630887,298343
625991,297530
613649,292758
625996,297628
627917,309508
626310,297578
626759,298050
625982,297489
625979,297413
626036,297664
625960,297715
614837,238281
622890,275517
626031,297414
626007,297613
624432,304124
625984,297533
626153,297438
625983,297450
625982,298312
626016,297601
624644,302058
624144,304091
642267,277139
626149,297468
683865,274444
625980,297444
626195,297004
625970,297445
608685,266970
625917,297374
625970,297709
626577,296130
625990,297424
626193,297168
629115,281642
626141,298087
626260,297960
626529,296220
626165,297195
626015,297463
625984,297591
626004,297429
626948,297344
625988,297438
626152,297432
625871,241869
625895,298061
626682,296146
628904,276855
621461,300515
626400,298654
601555,247552
621238,288208
620716,296621
626031,297679
604523,250547
626018,297483
626055,297407
626150,297428
625979,297447
625775,298084
626897,298894
628248,276043
625994,297670
625235,287354
625979,297787
623576,287388
625780,298306
625609,275703
609374,266143
631653,297523
630144,216451
625479,298117
626032,297506
625942,297772
626680,296576
626158,298191
635449,291306
625841,298038
624020,304495
626225,297290
624409,301022
626076,297749
625805,297983
626234,297063
626148,297531
626167,298356
626190,295616
626087,297637
625963,297490
626030,297654
625976,297638
626398,297693
633109,300319
627697,309739
625910,297695
626031,297442
626182,297692
643141,278202
625979,297434
626044,297209
608699,267018
610557,281896
632308,228583
626038,297691
630356,301087
625801,298058
626145,298285
608672,266988
626150,297419
631768,294354
626007,297622
626051,297500
626153,297438
624316,305137
604626,222881
625980,297429
608672,266978
626020,297481
614577,238527
608684,267020
614927,217971
626100,297906
626045,297395
633165,300318
626147,297427
626040,297564
626024,297241
621172,299869
625979,297437
626143,298134
626134,297416
626026,297446
626191,296943
608669,267054
626573,296145
626047,297988
611227,288447
626143,298285
625954,297680
626131,297850
612158,261502
625986,297436
627033,309999
625866,298121
625983,297592
604547,222865
626118,297798
625977,297447
664852,257140
604486,222694
626032,297442
632989,300326
625997,297546
626102,298295
626014,297620
674207,266165
608687,267004
633166,300300
625988,297436
626144,298208
614481,238550
631761,220218
608709,267060
629689,300694
626105,297943
626138,297544
626253,296819
626358,296636
626019,297443
624272,304071
626130,296977
625984,297436
626031,298170
626206,298469
626030,297506
625985,297437
625589,300120
625983,297437
626021,297481
626193,296946
626011,297404
626028,297633
626040,297432
626289,298679
626121,297342
626025,297419
625800,297651
626164,298379
626599,296605
626151,298271
633242,300291
626005,298308
626185,297802
626182,297428
625945,297770
626012,297435
626163,297785
626777,298123
626217,297908
614554,238498
626287,297752
626050,297211
626178,298293
626442,298157
620217,300189
627778,295500
601615,249341
619935,240691
602211,249144
625983,297447
626039,297429
626039,298033
626753,298055
626147,297438
629674,230061
626373,296383
626013,297518
626177,298205
624261,304021
625980,297444
626158,297263
626195,296940
626007,297611
606293,235095
626167,297178
626004,297637
625965,297478
625939,297771
626000,297422
630880,216436
626008,297421
625017,277950
625981,297444
626000,297523
626872,297988
626387,296963
614500,294405
625983,297612
626146,298283
623322,267365
601888,248297
625979,297428
625934,297897
614980,237715
625982,298158
601612,249241
604249,221047
614611,238580
609071,266297
626195,298667
626008,297609
627724,309846
627012,296482
625948,297480
626184,297698
624303,299643
626009,297438
624210,303963
625964,297474
631044,216622
625973,297428
628934,276793
625965,297440
626000,297420
609062,266277
626046,297242
625975,297583
626023,297625
626076,298047
626165,297053
626012,297431
626692,296301
625980,297453
619902,240687
626390,296964
632903,280359
626009,297408
626161,297740
626127,297041
659435,264689
634229,304319
624885,277779
625990,297457
625979,297434
625982,297452
626146,297435
625990,297431
626595,296571
608687,267025
625980,297443
625981,297445
633253,300244
628723,275727
610925,283683
626018,297414
602062,247624
626151,297150
623633,287452
626030,297509
626618,296412
626031,297504
628932,276322
626473,298135
608711,267342
633213,300232
625807,297651
626135,298291
620176,296824
625844,298198
630975,298039
626015,297541
625970,297452
630955,216015
626149,298278
604373,258192
626046,297505
625975,297439
625996,297458
630747,216457
625979,297441
641486,282340
630948,298033
626146,298283
625951,297379
602885,250323
609068,266277
625983,297436
626021,297508
618760,299194
626001,297581
626039,297396
625993,297457
628887,290458
626169,297048
626001,297460
622437,257500
614569,238503
619337,298286
632462,236440
625809,297667
626218,299251
626191,296936
608706,267084
624510,304197
608665,267024
625983,297460
626010,297611
625990,297420
625998,297402
664879,256892
625979,297488
626019,297624
626148,298144
626148,298280
624234,299391
625994,297554
627013,296480
633149,300392
625970,298056
626058,297330
626279,298075
626152,297220
626008,297492
625981,297451
626078,297690
625950,297416
625769,298099
614619,238584
626172,297777
626237,297469
625943,297762
625989,297592
627051,298802
623316,296321
625997,297351
625925,297686
626140,298277
626099,297308
626008,297630
626494,295621
622420,257507
625935,297933
626008,297468
627050,298745
629260,231828
625718,298431
626013,297417
626196,298636
626200,297000
625980,297450
625828,298681
626072,297149
625977,297489
619937,240701
625919,297371
626159,298200
626171,297790
626134,300148
625993,297457
623331,296292
626149,297434
630943,298088
626592,296544
626185,297696
626152,297433
626183,297737
625991,297427
633203,300250
626428,296854
624380,299644
624266,304080
626009,298876
626026,297629
626747,295322
626014,297588
629334,313016
601694,249590
625998,297708
626015,297547
629421,301110
625968,297714
625986,297538
601607,249330
602503,249325
641318,284061
626117,297940
626147,298131
625810,297665
626178,297691
620339,298977
625956,297521
601427,249854
626159,297139
626190,297706
624304,217097
621239,288209
622460,257753
625992,297501
626498,296229
626217,296904
626034,297971
626390,298745
626049,298219
623636,287563
625985,297441
625989,297432
626006,297466
626054,297879
622438,257495
626657,296629
628402,301057
626023,297432
626287,297754
626002,297548
625985,297431
625902,297961
628884,290461
627818,300743
633178,300282
627702,309713
625986,297450
625946,297917
626018,297603
625903,297403
626151,297204
626667,309633
626104,297746
626512,296696
626011,297425
625978,297452
626068,297617
626172,297781
625981,297445
626153,297420
614491,238548
625986,297424
626150,297432
626134,296963
614577,238525
627258,295096
626120,297643
626145,298285
625873,298017
620212,300197
621780,269196
625979,297442
625997,297652
625980,297443
625924,297504
632877,280196
626181,297082
626010,297404
626133,297370
668782,261910
625923,297498
626045,297456
618668,288862
626441,298312
626138,298027
626014,297614
602924,250452
625966,297472
625687,295067
624266,218597
625790,298192
626013,297503
632908,280152
625983,297446
625965,297624
627723,309818
625979,297433
626143,297445
626594,296568
626004,297536
626787,298963
626184,297073
626182,297084
626519,295475
626134,297399
625979,297434
624500,299615
626023,297494
625993,297450
621222,299619
626035,297388
626149,298289
626005,297421
626691,296299
626112,297950
626012,297461
624890,299435
624315,302488
622515,261956
625786,297656
626721,309353
622615,247064
625943,297776
621901,269094
626146,297250
626004,297652
625946,297520
626571,296727
625997,297605
633219,300271
625980,297451
625981,297432
626041,297631
626079,297626
625970,297707
626077,297732
632286,228579
621654,292096
626120,300195
625970,297500
626033,297465
627678,298275
626024,297623
626148,297455
626021,297676
625955,297610
626014,297551
625988,297438
610356,269879
626714,296265
626000,297675
626032,297557
626301,296709
626127,297037
626187,296952
626280,298078
625935,297403
625981,297445
604509,222724
633258,302052
626152,298263
626027,297999
627756,295510
684011,274349
626167,297892
603960,256693
626161,296707
631781,220239
614651,238433
626156,297476
626167,297067
626232,297063
626039,297542
628664,298513
626045,297389
626155,296997
626103,297305
626130,297998
626401,298763
626011,297620
625976,297580
602768,248529
626115,297759
625986,297424
613308,242859
633104,300314
627179,298558
629291,302335
626754,309119
626122,298476
626132,297159
626126,297339
626593,295662
614511,238543
623119,295881
628657,276570
626320,298391
626014,297491
626000,297621
628678,276436
625981,297551
626022,297623
630877,267479
626005,298833
625981,297445
626404,296953
614877,238765
626127,297339
626744,297916
623085,295882
627699,309713
632245,301360
623138,278979
626592,296542
626499,295569
633226,300089
626600,296607
626049,297405
626016,297605
625979,297444
603952,256478
626252,296955
625935,297907
616338,295820
626009,297433
625995,297461
628332,300627
626143,297688
625855,297305
626258,296833
626128,297392
626079,298069
609691,259434
626671,296595
626054,297361
626173,297093
625901,297402
626079,297159
626036,297456
604776,223036
626017,297441
632305,228582
626113,297184
625983,297443
629345,301150
626191,296936
626019,297438
626000,297600
626014,297477
630952,296119
626497,296231
625980,297971
625996,297740
625874,297773
626132,297078
625985,297425
624189,304018
626147,297477
625980,297444
626051,297400
626044,297394
626013,297603
626312,295506
626036,297452
626024,297498
626008,297544
625978,297449
629153,301147
625995,297491
625816,298150
628094,300065
628808,276814
626167,296843
626315,296603
626329,296808
626152,297424
604401,222606
624226,303888
626602,296581
626054,297509
630996,216033
626036,297394
625984,297434
626011,297617
626051,297386
629346,301150
628897,276297
625979,297488
626031,297376
626203,297681
625670,295660
625981,297445
626000,297617
626166,297124
626202,298655
625909,297912
626682,295689
625911,297385
614482,238549
608691,267036
624270,304070
614688,238632
625980,297444
624925,302500
626266,296886
626036,297633
626279,296950
604212,221512
604589,222686
633291,300368
601708,249313
624765,217208
630740,276951
625986,297442
614919,237630
624671,302020
626013,297433
625955,297456
626149,297446
627057,298275
626037,297442
602212,249164
624358,304065
625981,297433
626697,296377
625954,297502
602983,248908
626191,297808
625981,297450
624270,304074
626185,297428
626165,297029
626618,298148
602095,249452
627700,309725
630991,216045
624263,304024
624199,302921
624789,278113
626856,297649
625989,297442
620951,301369
624930,302510
626028,297211
627299,299605
626037,297496
626001,297614
627995,285018
625942,297575
626149,299037
626013,300298
625984,297531
625991,297440
626139,298285
625895,297896
625778,298077
611847,226949
626170,298162
626182,297225
626205,296800
625992,297430
626537,296530
632788,300890
626158,297499
634233,304611
642155,277267
625749,298532
631829,220209
625979,297440
629633,267564
626963,297593
618685,288861
624336,299687
625930,297682
624268,304412
629283,231874
632991,300684
626012,297627
633098,300364
625981,297425
632993,300684
614789,218082
626037,297461
626303,297743
625986,297449
626120,297340
628917,276433
626017,297607
625981,297445
625982,297446
626035,297965
604353,222171
625979,297444
631040,215901
626042,297206
625988,297595
614498,238547
624353,304053
664850,257142
602023,248809
626204,298654
625999,297460
626000,297720
626202,298377
626149,297427
625984,297460
633213,300234
625964,297296
625986,297428
625980,297442
616891,272702
621249,288194
633383,302431
626042,297591
626152,298274
625941,297478
633128,300338
626021,297623
626005,297642
630942,216420
623656,287415
625995,297649
626132,297325
626299,297760
625976,297440
629143,301178
626142,298134
626132,300135
626189,297676
625922,297495
626652,296333
628107,301577
626187,297037
625995,297425
638809,284354
665580,258280
632970,300275
631325,301285
626146,297430
603237,246627
626178,297169
625978,297432
627627,298275
615620,295003
632886,294762
625773,297699
627845,286563
626170,298606
626019,297620
632992,300686
625548,298119
626008,297462
626028,297524
626151,298271
626151,298223
626187,297685
625981,297445
622793,213745
632989,300327
626138,298047
632339,292372
626006,297537
602340,248187
625956,297474
626145,298222
626036,297455
625979,297449
602888,249791
626035,297454
626184,297067
630964,298041
625978,297448
602093,248951
627673,298268
608679,267032
625978,297494
625980,297445
626170,297592
626016,297614
614569,238509
626141,298128
630680,276292
625987,297424
626145,298280
623325,296299
626035,297373
604552,222689
625980,297444
601685,249428
610639,278027
625980,297443
625978,297445
626038,297496
626075,297795
625921,297427
607404,254519
626589,298138
626004,297541
625981,297438
626125,297929
626819,297879
625854,297922
619407,297565
626160,297782
626200,297000
601591,249764
626001,297617
626125,297918
601691,249456
619936,240616
626032,297444
606887,268084
625983,297539
601571,238399
621071,288776
614846,238275
626142,298280
626125,297990
626000,297456
604355,222292
626115,298155
624270,304077
626150,297469
625994,297600
674181,266104
626620,296411
626041,297543
626019,298302
627149,298548
626598,298131
608675,266971
631150,215933
625982,297420
614850,237504
626137,298237
626013,297536
642161,277131
626154,297417
626142,298092
606415,225508
626100,298300
625980,297467
626094,297596
606968,268399
626012,297628
626268,297297
633146,300333
604469,222627
625991,297481
624321,299697
626116,298160
625979,297443
614053,293279
633195,300271
617024,273657
623907,295670
625982,297460
626140,298193
621398,300395
622741,213766
625437,298413
626003,297657
641316,284050
626016,297618
626000,297464
625979,297443
626004,297773
610565,281915
608676,266987
683518,275451
609947,269239
614484,238547
628810,276803
626161,298494
601600,249783
626249,297057
625996,297358
626152,298139
626155,298212
625769,298100
627321,299666
626072,297753
627029,298672
604571,222677
626051,297434
626221,296776
625981,297445
625954,297391
626183,297165
627704,309714
625980,297429
625891,297354
626140,297392
626639,309680
626573,296389
602012,249870
626150,297434
626983,297991
621245,288205
626296,297687
604475,222676
626001,297438
624734,217145
626291,297029
626086,298138
625963,297486
626027,297556
625981,297432
633241,300292
625975,297586
626080,297548
626577,296143
625925,297806
626124,297870
626087,297632
643120,278190
624559,295862
626151,298270
626158,297504
620960,301391
626338,309794
625991,297455
625984,297431
627956,275553
626009,297214
625963,297353
626158,297434
614546,238485
625980,297439
626010,297575
625286,298666
625965,297489
625995,297457
626705,296325
632301,228579
626315,295510
626693,296381
601720,249448
625920,297687
630948,216178
629077,276489
626005,297537
626338,293937
626180,297165
626180,297694
630955,216688
626147,297433
614570,238484
625976,297578
633079,300428
625985,297529
621910,269100
624381,299644
626130,297611
601701,249226
614538,238484
618035,292901
626119,298320
626019,297440
626032,297651
632865,294818
625892,297902
626025,297243
626191,296933
626272,297964
601691,249569
608677,267039
631311,296692
626100,297929
627495,293426
625985,297800
625982,297430
633218,300261
604547,222721
626132,296966
625961,297456
627697,309750
626664,298160
604332,222224
625983,297476
625704,298416
627194,298164
625986,297435
626023,297648
626144,298160
609432,267055
625887,298011
626196,297157
625979,297438
632272,228569
625989,297591
625980,297437
624600,300049
626140,297383
624281,299298
616887,272755
664878,256893
625998,297609
626022,297487
625998,297658
625962,297480
625864,241806
626025,297423
626005,297590
625962,297398
626001,297579
625769,298102
625745,297805
626033,297552
626151,297441
626146,298278
625990,297569
608978,266334
628835,276980
626026,297983
626154,298263
626190,297482
625980,297441
626088,297855
616889,272699
625738,297900
625989,297432
601641,249110
630814,216303
626325,298388
626801,296506
626076,297690
626053,297636
626150,298280
628156,301248
626144,298284
625988,297593
641376,282860
626036,297462
626022,297573
626267,296959
625845,298134
621173,300245
632958,300272
604458,222689
626184,297673
626023,297499
627011,296481
626186,297686
625963,297488
624112,216984
614557,238497
624382,282527
625908,297702
626180,297432
601714,249389
625980,297443
626198,297089
626016,297527
626018,297599
632970,300284
626137,297024
625787,297714
627817,298544
626002,297712
625808,297647
626023,297500
633237,300306
625865,303601
674259,263937
626192,296962
625990,297500
615111,295076
625993,297492
626037,297458
630560,275985
626013,297434
619992,266503
626152,297486
626146,297435
626146,298282
625998,297621
625989,297457
623007,271617
626012,297430
631053,215865
632969,300234
626037,297371
626020,297480
626179,297168
626190,297724
633577,274028
626045,297396
626071,297466
625986,297616
633251,300657
625969,297437
625984,297441
623582,287432
625992,297574
625911,297410
624222,303908
630474,255296
632273,228570
626177,297176
625993,297716
614537,238522
626176,297166
626028,297380
625997,297458
604390,222608
627011,296479
602126,249100
623138,296248
625982,297438
625976,297439
626987,298210
625254,295366
625982,297483
611691,287698
625982,297442
626152,297437
626153,297438
626163,298381
628097,284915
628916,276976
601669,249224
608631,283057
626258,298203
626019,297594
611690,287707
625999,297770
628581,299789
626159,298284
625947,297401
610547,281874
625887,298131
625872,293677
625979,297443
624363,299630
624366,216422
634188,305068
626164,297048
601745,249429
625799,297658
626166,297186
629547,289469
626160,298206
626204,298447
626190,297671
626010,297487
625978,297420
625948,297556
628016,301169
625985,297422
625936,297942
614560,238500
625975,297453
601827,249308
601985,249335
608703,267036
625839,297949
626014,297465
624875,277809
625980,297437
626003,297606
632783,293259
603211,247185
625997,297576
625981,297430
626012,297631
625998,297527
626025,297484
626010,297421
620888,301639
608693,267043
633234,300327
626013,297433
626279,298083
626014,297201
624228,303872
625977,297569
626186,297698
628674,294397
607526,261983
602782,248540
625995,297445
631625,273025
626007,297413
626131,296953
624404,299756
626182,297690
626144,298287
626149,298280
625981,297445
626026,297745
627957,275613
624362,304063
625973,297436
618773,287354
627625,298277
631387,302945
626424,298827
622436,257494
628145,235058
626020,297526
623560,287407
626148,223993
625999,297428
630991,216049
626134,298187
625900,297400
624482,217083
614788,218085
625979,297431
622739,213767
626140,297634
625991,297501
625999,297456
628210,300683
633107,300309
625983,297460
623046,278547
626181,297698
626125,297065
626577,296138
626155,297436
626135,297374
611693,287701
610466,281903
625940,297975
602529,218351
610686,281851
625752,298336
609070,266243
625986,297594
604487,222696
626886,297930
626037,297392
631766,294359
633213,300245
626153,297781
626061,297334
632395,220417
625747,297895
624269,304072
626294,297731
625994,297430
611992,276826
626152,298276
632978,300287
625984,297441
626038,297449
626109,297956
626147,298278
626116,297415
630966,298067
627010,296467
626446,298241
627004,290015
625926,297684
623804,287785
625988,297451
634237,304266
626246,296917
625999,297662
601678,249578
630930,259421
625846,297936
626124,297322
624271,304070
625987,297449
626037,297584
607524,261983
628682,300766
626172,297167
633071,300019
614566,238486
626222,296967
625985,297433
626143,298279
625977,298391
626143,297403
625954,297605
601450,249119
609778,256591
625981,297444
625925,297515
601562,249209
625932,297314
626029,297620
625981,297445
630953,216020
626074,297655
626002,297535
604221,221753
633106,300310
625984,297433
626009,297664
603900,221132
626077,298033
626297,293878
625886,298112
626135,298015
626035,297445
626169,297049
626039,297453
614526,238532
626025,297444
625994,297596
615038,236792
625986,297444
626287,296905
626011,297434
624267,304066
621022,287963
625978,297242
626062,297288
627970,285399
626002,297453
602255,247980
634181,305063
626020,297751
626170,297059
629231,301195
625957,298122
686545,275421
626096,297710
633216,300251
625796,297931
626031,297557
626102,297623
625985,297434
626026,297627
608677,267032
625957,297456
604375,222286
626154,297419
627704,309721
626000,297765
625992,297521
614680,235296
614559,238493
630990,298190
625984,297443
625998,297598
626150,297492
625994,297457
628362,301068
625979,297446
625963,297452
626213,297546
601599,249329
633125,300341
626170,298159
626499,295558
626170,297770
626164,297196
627985,301525
625735,297791
625614,275699
634231,304330
626034,297474
614654,238432
622741,213774
614562,238490
626102,297933
625981,297434
630994,215997
626045,297504
625978,297457
626180,297686
625989,297435
626076,297702
625894,297923
625986,297438
614948,294822
633196,300315
626142,297433
632938,300260
625975,297429
626000,297456
626307,298647
619123,292848
626035,297461
626379,298046
625886,297837
626169,298363
626045,297397
614534,238484
625962,297483
626075,297783
626167,297060
625979,297441
626180,297165
626043,297388
626189,295620
625950,297753
633080,300320
626036,297380
630905,216060
608931,266389
626010,297561
625627,296705
603545,220835
626181,298509
627961,285379
625984,297440
626021,300285
625988,297429
630942,297105
626042,297353
626039,297650
625985,297441
625917,297250
633131,300334
625981,297585
608707,267040
623297,265211
626071,297707
625905,297400
626142,298151
621634,300629
626141,297891
625987,297429
601769,249228
630958,216025
621340,299352
625974,297374
624407,302477
625746,297792
626597,296566
625981,297451
626040,297443
625987,297450
626174,297167
627860,286184
625438,298399
626069,297166
630956,216006
628446,300538
626146,298279
601518,249887
626009,297425
611628,286605
625911,297415
625775,297598
615083,238976
625988,297436
625981,297558
626018,297440
626010,297760
604591,222939
628676,276447
630679,276292
602884,250326
626615,309370
628362,301060
624269,304068
622098,246794
625984,297444
628704,294346
625981,297425
610593,282725
626006,297590
601720,249449
625732,298033
614918,217930
625820,298180
626336,293826
626150,298281
620960,301379
626205,298494
626013,297433
625991,297657
608683,267002
626171,298278
601691,249529
625978,297471
623112,278901
633236,300315
626801,297963
625982,297452
625850,297941
626097,297243
625964,297623
626933,297533
632985,300291
626018,297620
626040,297382
624139,298684
627290,225666
625970,297498
619411,278053
633089,300127
625986,297433
625994,298188
604052,221222
626078,297665
629325,301179
625983,297483
626015,297639
626015,297964
626697,296246
624296,303084
626014,297473
625981,297445
616891,272746
616997,244304
626003,297620
628877,298354
626018,297522
625986,297431
626166,298383
625953,297504
623962,304324
626034,297443
625775,298079
626049,299821
630407,289669
626023,297622
626106,297987
626113,298157
624766,217209
632494,301340
625983,297435
626008,297615
626040,297451
614949,294812
625955,297339
625980,297444
625832,298171
627010,296481
602824,245235
624275,304078
633121,300457
626035,297562
626034,297472
625981,297449
624375,299645
626070,297159
626049,297497
626000,297439
625981,297436
625946,297776
601651,249315
626112,297953
624878,277749
626017,297603
619941,240617
626192,296939
626138,296954
627957,275553
625981,297447
630880,297139
614483,238548
624367,286414
614598,238562
610566,281913
626008,297419
621382,299215
633107,300313
626147,298285
625945,297775
626082,297176
626141,297465
625812,297807
626287,297755
629482,314328
625792,297684
626009,297596
610636,278027
625948,297510
626178,297009
626176,297165
626596,296574
626158,298276
626080,297703
626009,297744
626614,298465
614633,294465
626007,297653
624269,304066
629255,301523
627698,309733
625745,297803
626007,297269
620191,296793
609314,266082
626022,297625
625984,297419
630273,234393
625984,297445
626010,297616
626284,297031
626164,297072
634230,304342
626005,297611
625676,298075
620188,296796
601656,249528
612629,238298
626122,296938
626010,297637
625987,297444
602380,249105
625980,297449
633080,300399
626185,297695
608689,266971
621231,299884
626285,297978
625907,297913
626035,297545
626141,298022
626052,297405
625997,297644
625748,297963
625912,297734
625986,297437
626015,297443
604585,222894
625997,297549
625904,297404
628932,276780
623091,295891
674184,266117
609836,256329
632990,300316
626024,297433
626290,297682
626005,297532
626074,297779
626045,297551
626005,297593
626932,297529
625809,297666
626018,297477
626834,297878
604477,222681
625887,297774
626294,296314
625777,298080
625919,297676
625981,297445
626007,297579
626138,298186
625985,297605
633188,300188
632765,300926
626033,297753
619171,253567
626661,296454
626040,297614
625983,297446
630955,216686
626446,298199
614679,238623
630749,217230
625912,297608
626040,297503
626478,298110
608686,267040
626034,297439
629144,281451
626005,297195
626011,297432
607825,233095
625252,295366
626024,297493
625979,297442
626466,296320
625999,297761
625872,241867
626013,297204
618666,288868
632943,300270
626024,297627
628849,277139
626589,296565
626214,296964
622466,260502
625962,297486
628694,275789
625991,297451
626026,297625
625993,297415
625997,297364
626278,298468
626600,296589
625985,297436
608685,267017
625906,297378
625982,297437
626047,297391
608686,266995
606912,268371
603177,249657
625791,298248
626176,296996
626668,309629
625973,297637
626013,297474
625904,297972
626232,296783
633236,300333
626582,296482
626011,297658
664848,257135
625978,297598
626014,297533
626491,295576
624278,304073
608683,267047
626613,296618
626258,298677
625976,297424
626151,297436
626147,297431
628918,276966
612118,288137
626128,297018
626181,298525
626001,297539
601705,249297
625997,297535
625981,297448
630384,258157
628792,269910
626185,296902
626086,297465
626046,297398
623090,295929
619832,240840
627312,235020
625986,297435
608262,255279
626056,297573
626167,297054
622771,270459
626250,297008
626016,297424
601691,249513
625978,297442
602885,250328
626185,297691
610397,281449
697835,269979
626176,297176
626200,297097
626189,296936
622440,247063
625985,297585
626180,223953
609148,266381
626149,298283
625979,297443
626315,296401
626470,293291
625998,298343
626129,298304
625876,297993
625983,297426
626023,297489
632971,300270
626200,298649
609191,266128
628895,277226
625809,297654
612063,288120
626153,298238
626034,297444
626342,296627
626183,297705
626377,310168
632273,220416
624261,304020
626041,297633
604415,222526
626170,297278
601649,249684
606967,268396
626193,297164
626006,297429
625980,297490
625944,297396
626166,297055
620225,298703
626141,298129
601659,249580
650170,254655
625983,297546
625966,297718
626168,297058
626241,296927
625984,297441
626075,297812
621494,300534
626019,297594
626041,297448
678046,248117
625993,297445
630435,301041
632912,223675
626001,297608
626023,297440
641394,282771
626183,297726
626738,296193
628656,276569
641431,282343
630989,216052
621825,268741
625772,297884
626010,297433
601714,249410
626010,297576
626006,297539
630922,298097
623175,280245
625987,297434
626278,296077
621474,261228
626162,297782
602255,247990
612464,253378
626039,297531
619894,240822
626189,298151
626011,297428
642207,277207
626122,297943
626054,297681
624785,302320
627877,309311
634213,304330
625981,297445
626204,298655
626476,293344
631025,215935
628518,297832
624359,302508
609072,266234
626191,296951
626132,297408
626037,297588
626139,298091
626598,296406
626154,297433
629662,301702
625953,297442
627233,299416
626034,297552
667885,262281
625980,297473
624892,277703
625956,297435
626011,297615
626009,297451
625986,297460
626037,297446
626034,297470
630411,301042
633176,300243
624861,277723
626192,296939
618518,251861
626989,298240
668759,261917
633241,300201
626022,297617
626030,297417
625897,297762
614549,238488
626021,297621
626124,297067
626391,298103
619877,266458
626190,297089
614528,238483
625979,297431
625981,297421
625808,297653
625987,297436
625847,297928
623577,287387
625957,297736
611242,288395
626168,297063
601877,249624
626128,297205
618127,276147
625998,297443
625968,297485
627101,298165
633215,300257
626143,298282
626010,297421
621221,299897
625802,298055
625912,297362
633214,300261
626012,297631
629097,248228
625771,297740
626153,297432
626669,296331
626022,297588
626306,296633
625849,297358
602344,248185
626022,297596
626423,298264
626429,297836
625993,297466
630918,298107
633115,300421
626144,298281
623612,287749
631052,216623
625981,297481
625900,297460
626009,297730
625970,297631
626154,298274
625977,297492
626021,297440
626167,297045
625983,297435
625964,297704
626198,297133
626072,297685
625872,297751
625982,297435
626007,297658
625985,297430
626011,297395
625952,297393
626019,297431
626179,223955
625985,297438
626452,298486
632022,297754
626034,297211
625990,297652
626165,296856
626008,297645
625891,297903
625981,297445
627624,298280
626022,297609
626182,297167
632603,301220
626147,297406
625986,297426
626096,297288
626405,298711
626115,297969
626813,295081
601640,249424
626034,297650
626023,297625
626142,298282
621901,269084
626145,297421
625981,297402
626127,297733
625977,297448
633213,300259
625676,298077
605413,222353
625728,297960
625758,297725
626000,297608
631030,297976
622421,257512
627705,309780
625918,297963
626694,296379
625960,297449
625842,218638
625994,297369
626045,297619
631248,229178
626149,297437
626139,297391
625998,297625
626043,297394
625782,297599
631312,296694
606639,253330
625810,297954
625999,297528
614657,238430
626012,297428
625919,297674
626021,300282
623316,296276
624269,304094
614485,238547
633341,300364
604340,222286
626230,295765
609100,266434
626458,295490
627050,310014
626358,296207
626004,297431
625977,297441
620952,301369
609068,266246
601559,249211
625985,297426
628162,300756
626202,298380
625983,297433
628282,276092
626300,296315
625975,297450
626104,298214
626079,297753
601382,249875
626657,296096
642252,277317
626012,297610
626490,298119
614946,294813
626045,297399
626155,297441
625995,297456
626070,297296
624329,286280
626012,297434
632150,283257
630441,299186
604613,222888
626191,297689
626176,297179
626023,297560
625990,297707
625804,297646
625946,297533
626018,297441
629225,276331
626143,298284
626012,297478
632478,236430
627041,290476
626186,297695
630834,298157
625997,297208
626183,297683
625981,297438
625973,297697
625987,297472
625980,297441
631178,297969
626261,296864
625980,297455
625973,297436
609088,273115
626005,297547
602211,249146
626065,297613
610635,278024
625980,297479
626715,298090
625983,297442
628658,276570
619848,240782
629147,301188
625991,298086
626422,296364
601599,249334
626835,297879
625894,298002
628025,301199
625984,297595
625982,297439
626034,297169
626156,298253
630822,298325
626152,297488
626166,298383
626007,297604
626158,300156
624273,304069
624266,218596
626278,298082
625982,297431
626033,297443
626200,297000
629084,276481
626154,297690
621699,292110
625986,297652
629752,301566
625971,297632
626032,297561
641377,282867
626004,297594
626234,297490
630918,259422
626151,297486
627584,234958
625982,297448
626178,297171
625988,297454
609196,266127
626043,297467
626240,310999
632054,214901
625988,297442
625968,297459
625979,297447
625648,298116
627961,275543
627697,309735
626009,297611
626142,298151
629314,280265
625950,297491
614507,238545
626004,297417
626150,297414
625988,297599
625979,297428
624281,304106
625976,297733
626894,298897
629294,231912
626013,297567
626083,297362
626151,297355
625981,297434
624140,298685
627013,296480
625987,297518
609076,266270
626148,298274
624152,298684
626169,297268
626155,297466
633258,300281
625270,298698
626260,298206
626172,297765
626157,296888
625990,297187
626114,298156
625979,297444
626004,297531
608655,267052
626012,297432
623591,299419
634693,263092
626000,297622
626038,297518
626756,298053
626296,296701
629420,301113
633108,300317
626020,297863
625987,297608
626014,297434
626357,296636
624661,217139
626009,297617
626058,297488
626155,297452
619770,240866
626148,297432
625985,297437
626046,297399
626081,297318
625752,295608
623314,296317
622691,213758
632520,301325
609065,266266
626115,298156
625998,297602
626088,297855
621154,288279
614615,238582
626012,297643
626026,297497
626197,297087
627008,289458
604539,222844
625779,298085
625934,297437
631427,300003
604648,222898
610009,244740
625981,297556
621386,299224
633033,300769
610635,278027
626189,297517
626129,297236
625984,297433
626044,297465
625767,298089
625987,297452
630853,311713
626042,297568
602824,245235
604544,222845
626142,297180
626006,297610
625999,297604
626242,297446
624768,217207
626013,297542
625999,297458
626253,297089
626009,297616
626024,297648
625958,297452
630990,216045
627048,298299
609415,266183
622432,257479
626126,297993
623298,265197
624277,304093
625973,297697
626167,297105
607525,261979
633216,300259
623123,278908
626000,297538
627674,298268
625983,297453
626096,297710
625984,297437
626393,293951
625977,297464
604605,222729
626022,297485
627868,216680
626131,297020
608685,267083
628888,276778
625980,297410
618973,278060
626004,297523
611943,285573
626036,297451
626015,297443
625980,297480
626011,297634
625928,298514
626007,297430
626226,298446
631525,266372
625980,297435
633326,300591
624976,277767
626131,296948
626034,297169
625979,297442
626030,297430
621168,225121
625819,297377
625780,297656
626000,297544
625980,297445
625780,297398
612096,261393
625778,298087
625891,297868
625963,297428
629570,298066
626007,297778
626044,297595
626147,298284
626031,297440
626019,297594
626025,297483
629276,312774
625747,297917
626819,297877
626009,297470
625983,297439
620984,299650
624994,304587
668761,261917
626136,297880
625997,297492
608700,267004
623824,304624
626226,298016
626045,297396
626042,297421
626283,297044
626176,297716
625961,297892
601607,249585
625992,297627
626024,297527
631001,298005
626010,297426
626043,297388
626141,297395
630970,298025
626030,297502
609201,267881
623124,278972
625976,297579
625984,297431
626077,297726
629079,276493
626381,296276
625980,297450
626339,297458
626192,297002
631515,273183
626009,297392
626029,297618
620961,301389
625985,297449
626005,297743
626023,297488
626049,297414
627011,296477
625978,297487
625978,297448
625516,297878
625981,297413
626008,297468
624510,217088
626184,297065
601635,249425
632275,228570
625985,297422
614590,238543
625991,297187
626137,297659
621421,300483
625956,297417
601689,249442
627155,298745
608886,266489
626041,297450
621702,299613
625959,297449
626305,296616
632486,236442
626167,297178
630117,301694
625887,298126
626202,297242
626023,297433
626150,297439
603244,249661
625989,297437
626023,297404
633003,300683
626163,297054
626043,297404
625949,297523
626007,297490
603302,251160
623027,271582
626134,298175
624831,295345
626155,297424
626047,297700
626014,297434
626150,298285
625979,297443
626460,298165
625984,297432
627022,296301
626591,296547
601585,249352
601601,249331
625815,297287
625984,297437
601851,248282
626026,297481
626201,298585
626280,295793
626423,296363
614553,238494
627027,296456
626204,298494
601619,249405
626152,297434
626002,298312
625944,297779
625980,297436
626148,298269
625988,297454
626012,297467
623557,287405
625912,297778
626011,297435
625983,297438
626016,297446
626201,297115
625779,298081
626470,297968
623559,295342
625986,297431
624337,305386
601448,249879
625896,297934
621568,299920
664987,257086
626030,297622
633191,300231
622152,257213
626217,296787
626094,297636
624785,213357
625965,297447
642153,277107
623300,298534
626242,296908
625989,297436
601623,249418
625983,297483
627960,298505
626891,297909
625941,297777
623913,295678
626012,297433
625780,298078
625905,297404
626295,296314
626140,298072
626046,297626
626066,297468
625977,297453
625977,297432
625986,297450
609500,270990
633202,300198
626140,298277
625850,297940
625765,298100
626149,297435
625999,297633
618730,287223
627704,309718
642152,277106
614485,238546
627151,298611
626151,297431
626150,298156
625987,297435
625908,297411
625977,297435
625983,297426
624780,213387
625963,297404
634260,304364
628676,276438
626037,297395
625269,295365
624820,277992
626040,297432
619935,240697
625976,297434
626459,293293
627294,225668
632994,300687
626032,297550
626114,298156
618675,288869
607355,247809
626096,298261
624295,304163
626144,298290
625987,297740
626008,297462
626125,297336
627705,309717
623109,278947
614556,238496
626095,297631
614578,238532
609073,266222
626151,297478
625932,297324
625975,297448
626169,298369
626184,297159
625987,297596
624265,304049
626012,297431
625981,297445
625978,297441
625950,297590
625897,297903
625994,297751
626025,297494
633055,300113
626013,299920
626169,297630
626439,292285
626003,297610
625988,297593
630943,296140
626003,298196
625979,297450
626141,298265
627709,309713
626181,297171
625916,297784
626105,298369
625987,297434
626189,297733
626210,298502
626142,298275
626375,296383
626188,298279
631467,215404
604561,262008
627491,293432
626027,297485
629556,267562
626145,298098
626146,298275
616871,296668
601346,249907
625985,297436
626161,297467
626003,297541
626076,297810
625982,297434
626071,297432
604402,222678
626159,298266
625995,297530
632973,300284
625962,297719
626148,298280
626176,296711
626057,297654
626031,297605
625978,297441
627680,298529
632711,301035
626034,297524
626101,297589
624599,217128
625986,297437
610064,252515
618977,278051
626154,297491
625986,297427
626211,294684
614503,238546
626009,297425
624272,304071
625477,298137
626097,297895
625980,297437
626165,297050
621143,299425
626141,298080
626022,297492
628672,276443
626177,297168
607523,261985
627866,286498
625979,297437
626460,298163
624270,304072
626016,297526
625981,297445
601869,248227
625221,299607
626041,297680
602314,248928
626020,297510
626070,297485
601645,249077
626190,296938
625982,297426
625981,297445
630452,301256
627197,298155
625806,297647
625858,297806
625613,275700
626482,295878
622520,261986
614487,238547
626006,297543
626067,297157
627713,309719
625998,297751
623041,296044
626146,298284
622731,213872
625929,297504
627669,294832
631690,298241
625909,297635
622712,297509
605130,222775
626129,296978
633108,300317
626229,296969
626654,296388
626181,298737
625999,297606
609663,267201
633160,300269
601686,249577
625943,297676
625970,297226
625399,294152
626031,297447
628410,299126
626261,298194
626144,298211
626207,298701
621703,300721
626488,298117
625980,297445
629393,277670
625999,297544
625983,297588
626150,297433
626077,297734
625993,297431
626135,295248
610619,278040
625998,297356
622778,213705
625985,297439
625976,297449
631317,301281
626013,297632
608668,267030
626882,299118
629592,267435
604541,222774
614565,238502
626282,296829
626201,298601
625993,297455
624139,298681
625963,297678
628229,302968
626583,296744
626066,297723
625985,297440
626193,296935
623085,295881
625963,297315
626168,296873
626855,298005
626234,297348
625969,297532
619089,253173
625962,297653
625780,297941
625832,297960
625998,297532
626043,297604
604600,222758
626190,297702
626146,297150
614616,238583
625987,297454
604523,250547
630948,298035
625767,298110
626184,297692
625953,297606
622738,213735
626016,297580
620945,298736
626156,298281
608678,267024
615043,237560
625917,297679
626223,298506
626014,297434
626247,298783
632893,280121
626011,297472
625928,297521
626152,297435
611975,276821
602070,246949
624271,304079
625982,297450
626144,298281
627706,309719
620044,247727
625983,297437
625996,297549
626140,298291
626033,297679
626140,297680
620449,298895
626027,297442
609259,266055
626015,297594
625973,297508
625981,297445
626043,297378
608669,267056
626209,294696
633807,298347
622399,257543
625987,297454
626512,297821
626023,297496
626060,297930
621980,246862
626490,298467
625989,297799
625985,297435
626595,296560
632992,300682
625928,297277
626040,297544
601668,249220
626064,297969
615027,238928
626065,298085
632887,280307
630929,259420
625983,297450
604602,222898
625998,297601
626166,297118
626199,297128
601646,249294
626015,297617
626167,297109
624678,302062
633100,300310
625985,297426
610636,278030
623961,304332
626010,297572
622741,213774
626052,298209
625143,286453
614549,238487
626251,298835
626150,298281
612488,288866
626176,297179
625976,297579
626028,298036
623563,287414
626048,297417
627680,309304
626139,298188
621155,299380
628409,299172
625805,297648
625803,297654
621490,289714
628784,269916
626080,297316
628928,276780
625983,297441
625978,297441
624979,304514
626150,297353
626324,298387
626166,299520
626156,297103
626027,297434
626014,297430
614763,294716
625980,297425
624885,277803
626656,293540
626164,297027
628407,301059
626015,297641
625880,297888
625982,298273
626146,298223
625984,297437
627679,298526
608706,267044
626003,297597
626121,297129
614671,235092
628686,300773
625788,298192
604091,221248
626142,298282
626035,297561
614919,217935
626144,298098
626343,298629
626038,297457
614502,238546
632966,293841
626175,297714
626679,297893
626043,297378
625983,297439
628940,276792
642251,277304
630745,216449
604790,223155
625981,297445
641374,282776
623634,287590
625981,297559
614550,238503
625981,297449
642156,277260
610631,278066
626502,299061
625969,297661
625983,297445
626114,297966
626046,297488
626129,298019
625619,298733
625918,297877
624926,302495
625972,297710
630887,217238
629166,301116
624262,304026
626038,297633
626186,297700
625812,297808
627194,298169
628244,276033
624262,304028
625980,297441
626014,297631
623954,216915
625847,297355
625985,297434
626044,297376
625974,297438
622529,260667
624298,299311
629092,276568
626359,296646
625997,297473
626131,297258
625843,297336
601545,247722
627013,296480
625985,297432
626082,297333
628769,277102
625998,297619
623112,278908
625981,297445
626184,298094
624769,278189
604458,222585
626036,297434
626024,297484
626038,297690
626003,297612
625984,297431
626001,297538
632029,297727
626006,297417
625887,298128
625988,297602
626054,297638
626182,298738
627012,296479
625962,297276
626104,298141
626142,298288
626188,297702
626183,297694
626058,297500
626067,297483
628712,276348
626046,297432
626072,299770
632338,292378
626962,224635
627696,309738
625967,297566
626287,298682
625778,298082
626615,219877
625974,298378
625805,297657
626549,296615
626149,297412
626013,297423
618701,288876
604401,222544
626031,297609
625981,297439
626978,299212
626290,296671
611912,261500
626051,297416
626197,297087
632944,300699
628677,276428
625982,298278
626014,297429
626124,297921
626045,297237
632897,280198
601607,249317
625992,297463
604400,222552
625952,297747
603178,249658
625986,297431
625969,297455
626013,297555
626122,297726
611944,287736
630220,251814
625878,295886
626019,297647
628151,301400
626660,296079
626153,297488
625980,297445
625995,297520
626038,297491
626168,297705
625985,297443
625983,297476
626168,297807
626111,297555
626017,297469
626003,297432
626142,297371
626050,297406
626052,297676
625998,297654
626389,296963
601680,249407
626030,297508
626048,297390
626021,297845
626009,297593
642156,277264
618729,287224
626001,297522
626268,297979
625980,297400
626047,297546
631784,301485
626038,297694
624913,283727
625922,297680
626189,297613
601691,249500
624266,304063
626010,297611
628981,276797
626117,297717
625803,297651
625805,297646
614598,238566
604479,222687
627050,298785
630964,298069
626150,297431
601369,249914
627271,290115
626163,297049
625979,297444
626196,297739
627713,309717
626035,297172
630339,301384
625772,298095
620959,301395
625997,297598
626388,298441
624855,217465
624265,304038
614341,266572
626012,297630
642153,277262
626030,297449
626146,298280
614678,235304
631313,296688
632937,300268
684333,274904
629358,301141
626045,297613
626143,298274
623960,287457
624352,304054
626153,297439
626008,297583
615117,236772
604602,222763
626164,297035
626037,297443
624259,217121
607548,261910
628316,235070
626035,297470
626030,297615
674151,265973
626076,297700
628382,276933
626165,298370
626148,298128
626032,297429
622897,271017
626150,298278
626199,298089
626000,297441
626031,297409
626000,297532
626008,299930
632899,280264
626180,297168
625840,297324
626139,298045
626051,297403
625970,297500
626377,298046
626124,297346
625983,297609
626023,297499
627150,298547
628810,275661
634257,304376
626147,298280
610838,270641
625750,298130
626627,295717
626121,296941
626182,297694
626023,297486
684217,274270
626151,297425
626024,298459
627019,295927
626007,298235
625981,297447
626012,297636
626023,297493
626032,297555
626177,297179
626157,298260
625984,297440
626212,298144
633579,274016
625849,297896
625909,297375
630446,301256
626163,297755
626014,297474
626249,298444
633118,300436
627719,309720
627202,290142
626193,298576
624492,299297
626038,297550
624643,302065
626662,296087
628657,300859
625988,297434
624234,303131
602762,251267
626190,296949
630955,216690
626146,296791
630948,298036
625986,297436
624453,216901
626031,297557
618772,297602
624271,304071
621245,288208
625980,297446
625917,297374
626035,297964
625984,297435
629092,276571
626040,298034
625979,297443
626187,297806
624678,302060
627385,299841
625967,297435
626168,297161
610752,256650
625908,297410
625985,297434
626004,297560
626002,297407
625963,297359
626030,297524
614488,238548
626389,297609
626029,297640
601591,249371
623971,304530
626209,294694
626049,297597
626296,297000
626259,298190
626328,310901
625987,297440
628677,276436
626012,297414
609940,256496
625988,297454
625991,300769
626152,297424
625982,297444
626288,297740
625993,297459
607526,261974
604336,229359
626438,298144
625452,293676
625811,297805
624269,304070
634654,290457
624220,303154
626012,297632
625981,297444
626155,297428
628824,276802
629095,276550
626148,298201
625803,297655
626042,297642
625405,294185
625972,297444
631617,238236
633154,300289
630990,216043
630927,298086
622582,213684
626104,297304
625981,297434
626165,297068
603154,249711
625928,297998
626092,297858
626106,297753
625985,297438
625992,297424
604905,266287
625970,297595
637407,286907
626002,297595
626036,299868
615247,239184
626308,296995
625981,297447
625992,297667
620955,301386
625990,297593
626033,297565
684371,275103
625977,297453
601685,249458
625481,294121
608293,229870
625985,297431
625780,298070
623579,287385
625904,297404
642295,277283
626199,297089
625993,297555
608668,267027
632979,300343
627993,301552
632975,300244
635067,293784
625978,297432
625981,297435
626117,297963
641350,282741
626268,296957
685186,275259
626048,297397
626079,297579
628120,301418
626005,297654
608684,267000
626167,297049
603216,246638
625240,290440
632865,280201
627683,298267
625968,297664
619771,240847
618705,288881
626033,297449
625832,296491
625981,297436
627371,287446
625967,297460
626071,297714
626006,297404
608678,267049
625926,297849
626015,297590
626189,296945
630989,298191
626148,297426
625981,297442
623019,271679
628481,301084
609386,266317
626203,298659
625950,297473
625986,297444
625985,297443
626044,297412
625988,297590
614546,238485
626138,298040
625994,297751
625992,298312
626035,297355
626143,297397
625941,297923
625995,297621
626051,297585
625214,299640
626145,298358
625976,297440
626160,298375
626015,297463
604455,222563
626020,297588
626595,296566
626152,297431
626116,298262
625978,297442
625998,297413
626597,309369
626121,297732
625981,297445
632480,236433
625930,297510
626015,297460
626177,297470
622439,247048
625778,298079
601633,249410
625926,297833
624116,298795
626009,297647
623045,278548
618621,252130
626174,297168
626008,297587
625946,297778
625857,297952
626147,297415
609062,266247
623900,304604
626414,298436
625998,298341
604393,222533
623316,296314
626010,297744
625987,297750
626074,297810
624296,218152
627696,309738
620451,298975
642164,277134
632912,223692
622439,247060
642272,277151
630272,234394
627195,298271
626004,297607
628351,301109
626098,297313
625985,297432
625995,297425
615284,239215
626190,296937
614660,238429
683797,274660
610290,251006
625619,298488
626202,298660
608666,267045
626008,297565
626587,296559
604783,250965
628518,293670
626526,295546
625980,297425
626102,297935
614732,217666
614569,238503
625810,297654
626031,297560
628098,284916
626001,297456
626256,297728
625777,298094
626031,297652
622412,247074
601706,249214
626024,297625
626136,297857
624271,304077
627922,275586
601617,249233
625982,297466
625983,297438
625922,297834
625954,297696
628953,276688
625998,297769
625975,297354
606583,253425
627095,295724
624768,217210
625981,297440
601639,249423
607548,261908
625862,241804
601634,249421
625988,297518
626120,297722
629114,302433
625900,297851
626017,297518
626200,298278
626011,297638
625959,297710
608687,267039
624126,299998
626006,297535
627694,309800
626027,297472
606981,268452
625233,299477
624384,282522
627275,294743
610635,270521
625985,297425
625968,297599
623157,296189
626189,297726
623613,287416
626144,298283
626152,298271
632592,280412
623578,287385
611871,238027
604543,222740
625950,297543
626036,297369
626152,297442
609080,266256
626142,298283
626200,297100
604337,222259
626047,297558
625874,298072
626036,297453
614841,237484
626279,298080
631461,298576
621426,300436
625949,297764
626142,297395
626022,297482
616327,272883
626303,298747
626124,297065
608679,267034
625982,297553
625994,297428
625989,297429
633216,300261
626167,298381
625964,297486
619388,298441
622736,213798
621943,269108
626180,298734
626753,298062
626130,296953
626014,297596
625980,297421
625989,297707
626153,297768
625967,297474
625841,297689
631573,266655
625993,297587
626186,297809
625930,297524
625967,297883
626008,297494
625968,297443
626146,297440
614879,238766
626011,297588
626024,297504
624769,217209
626212,298513
625798,303752
625859,297807
626152,297437
622432,257476
633353,300350
629524,267558
626663,296116
625983,297460
628996,302095
618922,298248
631185,296481
608824,267410
625996,297694
626043,297545
625984,297436
626197,298646
626157,297168
625887,297933
625968,297544
626064,297680
625982,297447
626662,296087
626010,297598
626477,298110
626569,291617
632945,300268
633182,300347
626127,298139
627050,298802
626012,297434
632052,214890
626167,297772
626034,297475
626317,296824
603179,249641
625916,297371
601699,249430
626250,296945
626011,297741
626067,298635
625480,298105
626198,297091
626034,297543
607528,261972
630998,230663
626041,297409
625984,297480
630800,300731
625979,297443
625984,297434
625979,297434
622986,293843
628718,275778
625996,297849
626182,297068
625810,297954
626356,292477
626036,297362
625891,298129
627173,299032
626149,297440
626130,297723
626005,297650
626131,298317
625995,297441
626608,309373
625762,298319
626068,297160
628899,269709
604720,250891
626198,297088
601383,249878
629306,280612
620887,301640
626009,297624
604535,222605
626012,297473
626151,297434
629269,231847
621629,292159
625981,297475
623322,296303
626006,297468
609415,266188
625969,297595
632995,300683
626618,298148
623325,296305
625238,295369
608678,267008
626198,297089
626121,297728
626150,297212
609071,266243
626864,289274
633112,300312
626150,297549
626022,297535
625989,297476
626470,297956
625988,297652
625974,297440
630739,217217
632988,300329
626067,297505
625998,297352
629729,314024
620141,255570
626120,297717
625916,297423
634959,290494
626054,297406
626012,297593
623324,267436
619815,241376
601705,249209
626045,297399
609107,266191
631569,299899
626147,298312
626157,297453
625791,298001
622528,260888
623654,288022
626108,297753
625982,297465
626206,296895
625985,297431
631038,297933
624374,299646
626031,297442
606953,268594
627701,309711
625909,297416
627700,309717
625989,297455
625982,297433
626017,297525
626042,297384
626054,297636
626142,298096
625969,297458
608709,267044
601685,249409
625961,297489
600867,248977
625976,297427
632194,301397
627994,285040
614343,265964
628195,282617
625979,297444
626198,297087
614633,238591
626253,296931
604547,222721
626047,297603
626393,297549
623085,295882
625875,297820
625985,297434
626009,297642
626120,297425
626014,297580
614496,238547
626193,297696
632379,228443
626117,297328
626143,296895
625987,297430
625977,297416
625972,297451
626205,298491
626185,297697
626147,297150
622320,257371
626897,297903
626130,296985
626160,298200
624201,303039
626034,297445
626042,297634
626020,297437
626081,297957
625978,297444
626169,296955
626039,297445
625983,297432
611547,286361
626150,297797
626118,297723
625998,297601
613647,292751
628548,300482
628812,275964
626070,297755
625981,297445
626103,297633
625864,297878
626007,297467
623096,295921
626010,297413
625981,297444
620136,298885
626149,297485
609040,266313
629481,276720
604337,222217
621194,288375
625912,297672
622743,213773
606416,225505
626336,296785
633252,300313
626172,297169
609070,266255
625928,297683
626021,297643
632879,300792
626165,297036
626055,297639
626387,296962
625932,297435
625974,297439
613518,291805
626017,297562
626132,297372
626142,298279
633149,300298
626132,297870
609680,259335
626150,297433
626003,297403
601750,249436
628916,276777
626023,297493
614659,238430
629264,231845
625984,297424
625988,297590
626305,297743
630382,258156
626178,297884
627705,309716
625923,297680
626127,297203
625999,297504
626011,297667
625984,297440
626151,298272
625995,297426
624229,303144
625921,297483
626191,296940
624263,304079
626589,296526
626038,297637
632987,300298
618035,292887
622742,213746
629669,267601
626160,297764
623933,295701
611694,287711
626185,297696
625955,297452
620964,298749
626145,297411
626000,297400
626000,297500
625438,298410
625980,297448
626471,298187
626135,297402
625607,298430
626153,297450
626158,297132
626010,297643
626025,297433
626423,298423
625997,297463
679269,250529
625992,297428
625974,297778
626028,297566
624268,304080
625775,298065
626183,297177
625979,297451
621245,288225
625895,297899
626010,297659
626035,297447
626000,297402
625977,297441
626040,297640
624299,304132
608665,267028
601701,249226
626026,297481
625978,297443
625976,297450
614528,238483
625946,297400
625998,297411
626127,298142
626012,297513
626145,297439
626237,294393
625994,297189
626019,297437
608683,267483
633231,300325
615064,237562
627708,309685
626167,298232
630967,298067
626288,297757
625985,297430
622736,213797
688156,273226
633515,263455
626168,297058
626206,297071
626036,297540
631152,296153
625902,297402
626151,297438
624962,277826
625986,297596
626037,297588
625985,297426
631313,296691
626041,297547
626136,298414
625991,297660
626129,296949
603121,249776
625977,297526
625977,297444
609201,267879
625982,297458
626022,297450
626026,297599
601600,249316
624259,304425
625985,297435
624379,299641
625984,297435
626014,297388
626150,297433
625961,297486
626154,298256
625985,297430
626068,297483
626182,297065
626052,297583
626024,297623
624604,217557
614497,238547
625216,286853
608634,283049
603968,256556
625963,297719
633134,300385
625959,298068
626048,297596
624264,304025
626002,297539
623559,287405
625984,297450
626162,297774
625984,297436
628551,300477
625977,297434
625978,297435
628508,300511
626025,297430
625977,297641
626106,297948
626047,297530
624884,277775
626182,297735
626594,296459
628612,301031
629266,231847
624306,303909
626020,297526
625977,297429
602264,247994
626200,298700
626016,297471
626086,298154
624261,304020
626015,297640
625986,297545
624855,277881
626128,297859
625926,297969
625879,297905
625987,297436
626198,298612
626073,297481
626169,296870
626042,297399
626008,297627
625984,297440
626165,296830
625866,241865
614872,238762
632275,220417
612054,288023
625957,298094
626191,296940
614504,238546
624260,304020
626231,297505
626160,297783
626030,297441
626101,297632
614539,238519
604717,250884
625995,297598
626009,297406
626146,298283
626131,298020
619406,297567
626101,297700
625847,297357
630944,298089
626147,298553
625840,297332
625943,297674
629480,299701
623145,295143
625815,297288
626113,297294
626017,297582
631604,294953
628933,276783
625979,297455
631201,296289
625981,297454
626034,297392
625933,297918
626286,294131
625759,297109
628336,300635
626155,297489
626013,297642
626165,298208
626014,297433
625957,297450
626003,297484
625976,297257
604511,222727
630272,234397
608510,267660
626137,298288
625779,298085
626186,297700
625990,297447
604549,222687
626018,297449
626176,297770
626165,297055
629742,301574
626486,295614
627011,296475
622743,213736
626167,296879
626023,297495
625979,297438
626033,297559
601602,249335
625741,298363
633182,300241
683513,275142
631621,238221
625979,297442
604803,223038
625985,297447
625977,297441
625993,297614
626051,297411
626178,297187
642159,277115
626012,297443
614204,264351
626150,297440
622495,237831
625721,298036
624429,304122
609078,266247
626027,298249
626032,297545
626010,297541
625866,303607
625924,297864
626004,297595
628817,277144
626104,298216
626140,298270
610643,281828
626012,297424
626154,297431
614682,235314
627022,224842
625977,297439
626081,297627
624271,304076
625982,297447
626193,298191
626000,297526
625952,297756
625869,297483
632983,300295
626011,297477
626011,297617
633205,300252
633406,301974
626041,297460
626027,297630
629275,312773
628150,235058
626143,298212
626084,297261
626013,297629
626045,297419
614515,238541
601606,249328
601724,249441
628698,275787
614625,238587
628667,276459
626002,297680
625805,297646
623323,296318
625995,297458
625977,297495
625983,297436
627701,309720
626290,297706
626159,297526
633212,300613
604472,222638
626017,297646
626044,297451
626128,296952
623931,287484
625978,297733
624423,298913
626159,297530
626589,296569
630949,298034
625761,297940
626186,297187
625798,297659
625901,297916
625980,297445
626007,297432
626000,297541
625993,297416
625983,297446
633193,300231
625985,297436
601602,249324
601742,248111
626137,297368
626148,297433
626193,296939
625994,297555
627478,298150
601806,249395
626160,298297
627180,299125
625999,297468
625608,298424
626092,298277
626033,297561
625981,297446
631288,296642
626005,297476
632995,300689
602823,245213
626199,298601
625961,297706
625980,297441
611169,236504
622425,257471
611822,262101
646783,265358
632769,300920
626026,297480
635634,227237
626162,297751
676442,242174
629231,301190
626725,309264
601608,249581
625936,297520
626017,297525
626151,298280
628553,217038
626449,295505
624499,299614
626031,297551
626001,297521
625987,297428
625982,297443
625987,297485
627049,298805
600715,248958
619939,240751
625969,297761
626194,297088
625989,297445
608265,255282
625991,297666
626143,297147
634163,297740
626076,297432
626146,298287
608697,267036
623556,301064
626482,295879
626137,297696
604475,222686
625983,297443
626309,296306
626014,297614
601937,249223
626235,297145
625983,297437
626032,297676
626091,297632
626145,298273
626130,298968
624676,302061
626003,297638
632327,292824
618693,288826
625986,297435
625943,297777
626021,297644
626259,298129
626115,297589
632863,294814
625980,297442
626038,297598
628809,275897
625953,297602
626151,297439
623012,271661
626143,297432
626276,297966
626258,298727
626044,297621
626015,297828
601583,213948
625792,298014
626053,297678
622984,293842
626207,297747
626022,297495
650118,254586
625910,297376
627708,309714
628558,300482
625983,297433
625951,297648
626170,298322
626191,297090
625292,293860
625993,297527
626012,297436
626464,295398
626151,297427
626000,297603
626154,297431
625973,297440
625969,297501
625983,297439
625991,297454
628660,276569
601553,249510
626251,296939
614488,238548
625985,297467
608738,268206
631768,294370
621951,269172
623637,287601
626826,297879
642162,277139
609071,266245
629276,278031
626092,297630
628725,275793
614544,238512
629350,300655
626082,300033
626140,297644
626189,297319
633232,300325
626166,297889
626005,297653
626013,297426
614243,293878
626146,298282
626171,297769
626032,297616
625962,297681
626594,295670
625988,297630
626004,297668
626147,298281
626285,297019
624203,303158
628196,282620
604504,222718
626143,298155
623317,296310
626263,298187
610802,283092
626117,298154
625979,297442
625997,298362
626386,296959
626306,297743
624267,304067
626011,297545
623098,295907
626013,297436
614605,238460
626012,297549
626146,298269
626037,297439
625614,298148
626036,297543
626020,300296
625964,297484
625832,297627
625944,297776
626403,298653
624750,217154
626063,297729
603900,221108
625981,297445
626009,297475
626017,297602
626344,298627
624267,304071
625984,297433
625743,298357
626086,297546
626010,297613
626231,296977
626074,297655
627011,296475
620954,301384
628684,300769
634885,295370
628910,269677
621900,269087
620956,301385
625999,297650
626156,297485
633109,300307
625285,295365
626030,297608
626431,295529
625977,297222
626100,297008
625980,297442
626010,297416
625974,297634
630883,298160
